Jan 29, 2026 14:30:02.572 [126633085168384] INFO - Plex Media Scanner v1.42.2.10156-f737b826c - Docker Docker Container (LinuxServer.io) x86_64 - build: linux-x86_64 - GMT 00:00
Jan 29, 2026 14:30:02.572 [126633085168384] INFO - Linux version: 6.8.0-90-generic, language: en-US
Jan 29, 2026 14:30:02.572 [126633085168384] INFO - Processor: 4-core Intel(R) Core(TM) i7-5500U CPU @ 2.40GHz
Jan 29, 2026 14:30:02.572 [126633085168384] INFO - /usr/lib/plexmediaserver/Plex Media Scanner --analyze --log-file-suffix  Analysis --no-thumbs --item 149,150,151,152,153,154
Jan 29, 2026 14:30:02.573 [126633085677312] DEBUG - Opening 20 database sessions to library (com.plexapp.plugins.library), SQLite 3.39.4, threadsafe=1
Jan 29, 2026 14:30:02.667 [126633085677312] DEBUG - Analyzing media parts for item 149 (Calling): 216
Jan 29, 2026 14:30:02.668 [126633085677312] DEBUG - [ID 216] Media part analysis: /tv/Senna (2024)/Season 1/Senna - S01E01 - Calling - WEBDL-1080p.mkv
Jan 29, 2026 14:30:02.669 [126633085677312] DEBUG - [MI] Opening input file: "/tv/Senna (2024)/Season 1/Senna - S01E01 - Calling - WEBDL-1080p.mkv"
Jan 29, 2026 14:30:02.669 [126633085677312] DEBUG - [FFMPEG] - Opening '/tv/Senna (2024)/Season 1/Senna - S01E01 - Calling - WEBDL-1080p.mkv' for reading
Jan 29, 2026 14:30:02.669 [126633085677312] DEBUG - [FFMPEG] - Setting default whitelist 'file,crypto,data'
Jan 29, 2026 14:30:02.669 [126633085677312] DEBUG - [FFMPEG] - Format matroska,webm probed with size=2048 and score=100
Jan 29, 2026 14:30:02.669 [126633085677312] DEBUG - [FFMPEG] - Unknown entry 0x22B59D at pos. 4386
Jan 29, 2026 14:30:02.669 [126633085677312] DEBUG - [FFMPEG] - Unknown entry 0x22B59D at pos. 4465
Jan 29, 2026 14:30:02.669 [126633085677312] DEBUG - [FFMPEG] - Unknown entry 0x22B59D at pos. 4543
Jan 29, 2026 14:30:02.669 [126633085677312] DEBUG - [FFMPEG] - Unknown entry 0x22B59D at pos. 4614
Jan 29, 2026 14:30:02.669 [126633085677312] DEBUG - [FFMPEG] - Unknown entry 0x22B59D at pos. 4697
Jan 29, 2026 14:30:02.669 [126633085677312] DEBUG - [FFMPEG] - Unknown entry 0x22B59D at pos. 4771
Jan 29, 2026 14:30:02.669 [126633085677312] DEBUG - [FFMPEG] - Unknown entry 0x22B59D at pos. 4844
Jan 29, 2026 14:30:02.669 [126633085677312] DEBUG - [FFMPEG] - Unknown entry 0x22B59D at pos. 4896
Jan 29, 2026 14:30:02.669 [126633085677312] DEBUG - [FFMPEG] - Unknown entry 0x22B59D at pos. 4954
Jan 29, 2026 14:30:02.669 [126633085677312] DEBUG - [FFMPEG] - Unknown entry 0x22B59D at pos. 5025
Jan 29, 2026 14:30:02.669 [126633085677312] DEBUG - [FFMPEG] - Unknown entry 0x22B59D at pos. 5084
Jan 29, 2026 14:30:02.669 [126633085677312] DEBUG - [FFMPEG] - Unknown entry 0x22B59D at pos. 5143
Jan 29, 2026 14:30:02.669 [126633085677312] DEBUG - [FFMPEG] - Unknown entry 0x22B59D at pos. 5202
Jan 29, 2026 14:30:02.669 [126633085677312] DEBUG - [FFMPEG] - Unknown entry 0x22B59D at pos. 5261
Jan 29, 2026 14:30:02.669 [126633085677312] DEBUG - [FFMPEG] - Unknown entry 0x22B59D at pos. 5320
Jan 29, 2026 14:30:02.669 [126633085677312] DEBUG - [FFMPEG] - Unknown entry 0x22B59D at pos. 5379
Jan 29, 2026 14:30:02.669 [126633085677312] DEBUG - [FFMPEG] - Unknown entry 0x22B59D at pos. 5459
Jan 29, 2026 14:30:02.669 [126633085677312] DEBUG - [FFMPEG] - Unknown entry 0x22B59D at pos. 5521
Jan 29, 2026 14:30:02.669 [126633085677312] DEBUG - [FFMPEG] - Unknown entry 0x22B59D at pos. 5580
Jan 29, 2026 14:30:02.669 [126633085677312] DEBUG - [FFMPEG] - Unknown entry 0x22B59D at pos. 5639
Jan 29, 2026 14:30:02.669 [126633085677312] DEBUG - [FFMPEG] - Unknown entry 0x22B59D at pos. 5699
Jan 29, 2026 14:30:02.669 [126633085677312] DEBUG - [FFMPEG] - Unknown entry 0x22B59D at pos. 5758
Jan 29, 2026 14:30:02.669 [126633085677312] DEBUG - [FFMPEG] - Unknown entry 0x22B59D at pos. 5817
Jan 29, 2026 14:30:02.669 [126633085677312] DEBUG - [FFMPEG] - Unknown entry 0x22B59D at pos. 5876
Jan 29, 2026 14:30:02.669 [126633085677312] DEBUG - [FFMPEG] - Unknown entry 0x22B59D at pos. 5935
Jan 29, 2026 14:30:02.669 [126633085677312] DEBUG - [FFMPEG] - Unknown entry 0x22B59D at pos. 5994
Jan 29, 2026 14:30:02.669 [126633085677312] DEBUG - [FFMPEG] - Unknown entry 0x22B59D at pos. 6053
Jan 29, 2026 14:30:02.670 [126633085677312] DEBUG - [FFMPEG] - Unknown entry 0x22B59D at pos. 6112
Jan 29, 2026 14:30:02.670 [126633085677312] DEBUG - [FFMPEG] - Unknown entry 0x22B59D at pos. 6171
Jan 29, 2026 14:30:02.670 [126633085677312] DEBUG - [FFMPEG] - Unknown entry 0x22B59D at pos. 6229
Jan 29, 2026 14:30:02.670 [126633085677312] DEBUG - [FFMPEG] - Unknown entry 0x22B59D at pos. 6288
Jan 29, 2026 14:30:02.670 [126633085677312] DEBUG - [FFMPEG] - Unknown entry 0x22B59D at pos. 6347
Jan 29, 2026 14:30:02.670 [126633085677312] DEBUG - [FFMPEG] - Unknown entry 0x22B59D at pos. 6406
Jan 29, 2026 14:30:02.670 [126633085677312] DEBUG - [FFMPEG] - Unknown entry 0x22B59D at pos. 6465
Jan 29, 2026 14:30:02.670 [126633085677312] DEBUG - [FFMPEG] - Unknown entry 0x22B59D at pos. 6524
Jan 29, 2026 14:30:02.670 [126633085677312] DEBUG - [FFMPEG] - Unknown entry 0x22B59D at pos. 6583
Jan 29, 2026 14:30:02.670 [126633085677312] DEBUG - [FFMPEG] - Unknown entry 0x22B59D at pos. 6642
Jan 29, 2026 14:30:02.670 [126633085677312] DEBUG - [FFMPEG] - Unknown entry 0x22B59D at pos. 6701
Jan 29, 2026 14:30:02.670 [126633085677312] DEBUG - [FFMPEG] - Unknown entry 0x22B59D at pos. 6760
Jan 29, 2026 14:30:02.670 [126633085677312] DEBUG - [FFMPEG] - Unknown entry 0x22B59D at pos. 6819
Jan 29, 2026 14:30:02.670 [126633085677312] DEBUG - [FFMPEG] - Unknown entry 0x22B59D at pos. 6878
Jan 29, 2026 14:30:02.670 [126633085677312] DEBUG - [FFMPEG] - Unknown entry 0x22B59D at pos. 6955
Jan 29, 2026 14:30:02.670 [126633085677312] DEBUG - [FFMPEG] - Unknown entry 0x437D at pos. 8965
Jan 29, 2026 14:30:02.670 [126633085677312] DEBUG - [FFMPEG] - Unknown entry 0x437D at pos. 9015
Jan 29, 2026 14:30:02.670 [126633085677312] DEBUG - [FFMPEG] - st:0 removing common factor 1000000 from timebase
Jan 29, 2026 14:30:02.670 [126633085677312] DEBUG - [FFMPEG] - st:1 removing common factor 1000000 from timebase
Jan 29, 2026 14:30:02.670 [126633085677312] DEBUG - [FFMPEG] - st:2 removing common factor 1000000 from timebase
Jan 29, 2026 14:30:02.670 [126633085677312] DEBUG - [FFMPEG] - st:3 removing common factor 1000000 from timebase
Jan 29, 2026 14:30:02.670 [126633085677312] DEBUG - [FFMPEG] - st:4 removing common factor 1000000 from timebase
Jan 29, 2026 14:30:02.670 [126633085677312] DEBUG - [FFMPEG] - st:5 removing common factor 1000000 from timebase
Jan 29, 2026 14:30:02.670 [126633085677312] DEBUG - [FFMPEG] - st:6 removing common factor 1000000 from timebase
Jan 29, 2026 14:30:02.670 [126633085677312] DEBUG - [FFMPEG] - st:7 removing common factor 1000000 from timebase
Jan 29, 2026 14:30:02.670 [126633085677312] DEBUG - [FFMPEG] - st:8 removing common factor 1000000 from timebase
Jan 29, 2026 14:30:02.670 [126633085677312] DEBUG - [FFMPEG] - st:9 removing common factor 1000000 from timebase
Jan 29, 2026 14:30:02.670 [126633085677312] DEBUG - [FFMPEG] - st:10 removing common factor 1000000 from timebase
Jan 29, 2026 14:30:02.670 [126633085677312] DEBUG - [FFMPEG] - st:11 removing common factor 1000000 from timebase
Jan 29, 2026 14:30:02.670 [126633085677312] DEBUG - [FFMPEG] - st:12 removing common factor 1000000 from timebase
Jan 29, 2026 14:30:02.670 [126633085677312] DEBUG - [FFMPEG] - st:13 removing common factor 1000000 from timebase
Jan 29, 2026 14:30:02.670 [126633085677312] DEBUG - [FFMPEG] - st:14 removing common factor 1000000 from timebase
Jan 29, 2026 14:30:02.670 [126633085677312] DEBUG - [FFMPEG] - st:15 removing common factor 1000000 from timebase
Jan 29, 2026 14:30:02.670 [126633085677312] DEBUG - [FFMPEG] - st:16 removing common factor 1000000 from timebase
Jan 29, 2026 14:30:02.670 [126633085677312] DEBUG - [FFMPEG] - st:17 removing common factor 1000000 from timebase
Jan 29, 2026 14:30:02.670 [126633085677312] DEBUG - [FFMPEG] - st:18 removing common factor 1000000 from timebase
Jan 29, 2026 14:30:02.670 [126633085677312] DEBUG - [FFMPEG] - st:19 removing common factor 1000000 from timebase
Jan 29, 2026 14:30:02.670 [126633085677312] DEBUG - [FFMPEG] - st:20 removing common factor 1000000 from timebase
Jan 29, 2026 14:30:02.670 [126633085677312] DEBUG - [FFMPEG] - st:21 removing common factor 1000000 from timebase
Jan 29, 2026 14:30:02.670 [126633085677312] DEBUG - [FFMPEG] - st:22 removing common factor 1000000 from timebase
Jan 29, 2026 14:30:02.670 [126633085677312] DEBUG - [FFMPEG] - st:23 removing common factor 1000000 from timebase
Jan 29, 2026 14:30:02.670 [126633085677312] DEBUG - [FFMPEG] - st:24 removing common factor 1000000 from timebase
Jan 29, 2026 14:30:02.670 [126633085677312] DEBUG - [FFMPEG] - st:25 removing common factor 1000000 from timebase
Jan 29, 2026 14:30:02.670 [126633085677312] DEBUG - [FFMPEG] - st:26 removing common factor 1000000 from timebase
Jan 29, 2026 14:30:02.670 [126633085677312] DEBUG - [FFMPEG] - st:27 removing common factor 1000000 from timebase
Jan 29, 2026 14:30:02.670 [126633085677312] DEBUG - [FFMPEG] - st:28 removing common factor 1000000 from timebase
Jan 29, 2026 14:30:02.670 [126633085677312] DEBUG - [FFMPEG] - st:29 removing common factor 1000000 from timebase
Jan 29, 2026 14:30:02.670 [126633085677312] DEBUG - [FFMPEG] - st:30 removing common factor 1000000 from timebase
Jan 29, 2026 14:30:02.670 [126633085677312] DEBUG - [FFMPEG] - st:31 removing common factor 1000000 from timebase
Jan 29, 2026 14:30:02.670 [126633085677312] DEBUG - [FFMPEG] - st:32 removing common factor 1000000 from timebase
Jan 29, 2026 14:30:02.670 [126633085677312] DEBUG - [FFMPEG] - st:33 removing common factor 1000000 from timebase
Jan 29, 2026 14:30:02.670 [126633085677312] DEBUG - [FFMPEG] - st:34 removing common factor 1000000 from timebase
Jan 29, 2026 14:30:02.670 [126633085677312] DEBUG - [FFMPEG] - st:35 removing common factor 1000000 from timebase
Jan 29, 2026 14:30:02.670 [126633085677312] DEBUG - [FFMPEG] - st:36 removing common factor 1000000 from timebase
Jan 29, 2026 14:30:02.670 [126633085677312] DEBUG - [FFMPEG] - st:37 removing common factor 1000000 from timebase
Jan 29, 2026 14:30:02.670 [126633085677312] DEBUG - [FFMPEG] - st:38 removing common factor 1000000 from timebase
Jan 29, 2026 14:30:02.670 [126633085677312] DEBUG - [FFMPEG] - st:39 removing common factor 1000000 from timebase
Jan 29, 2026 14:30:02.670 [126633085677312] DEBUG - [FFMPEG] - st:40 removing common factor 1000000 from timebase
Jan 29, 2026 14:30:02.670 [126633085677312] DEBUG - [FFMPEG] - st:41 removing common factor 1000000 from timebase
Jan 29, 2026 14:30:02.671 [126633085677312] DEBUG - [FFMPEG] - Before avformat_find_stream_info() pos: 9127 bytes read:43932 seeks:2 nb_streams:42
Jan 29, 2026 14:30:02.674 [126633085677312] DEBUG - [FFMPEG] - nal_unit_type: 7(SPS), nal_ref_idc: 3
Jan 29, 2026 14:30:02.674 [126633085677312] DEBUG - [FFMPEG] - nal_unit_type: 8(PPS), nal_ref_idc: 3
Jan 29, 2026 14:30:02.676 [126633085677312] DEBUG - [FFMPEG] - nal_unit_type: 7(SPS), nal_ref_idc: 3
Jan 29, 2026 14:30:02.676 [126633085677312] DEBUG - [FFMPEG] - nal_unit_type: 8(PPS), nal_ref_idc: 3
Jan 29, 2026 14:30:02.676 [126633085677312] DEBUG - [FFMPEG] - nal_unit_type: 6(SEI), nal_ref_idc: 0
Jan 29, 2026 14:30:02.676 [126633085677312] DEBUG - [FFMPEG] - nal_unit_type: 6(SEI), nal_ref_idc: 0
Jan 29, 2026 14:30:02.676 [126633085677312] DEBUG - [FFMPEG] - nal_unit_type: 6(SEI), nal_ref_idc: 0
Jan 29, 2026 14:30:02.676 [126633085677312] DEBUG - [FFMPEG] - nal_unit_type: 5(IDR), nal_ref_idc: 3
Jan 29, 2026 14:30:02.676 [126633085677312] DEBUG - [FFMPEG] - Format yuv420p chosen by get_format().
Jan 29, 2026 14:30:02.680 [126633085677312] DEBUG - [FFMPEG] - no picture 
Jan 29, 2026 14:30:02.683 [126633085677312] DEBUG - [FFMPEG] - nal_unit_type: 6(SEI), nal_ref_idc: 0
Jan 29, 2026 14:30:02.683 [126633085677312] DEBUG - [FFMPEG] - nal_unit_type: 1(Coded slice of a non-IDR picture), nal_ref_idc: 2
Jan 29, 2026 14:30:02.687 [126633085677312] DEBUG - [FFMPEG] - nal_unit_type: 6(SEI), nal_ref_idc: 0
Jan 29, 2026 14:30:02.687 [126633085677312] DEBUG - [FFMPEG] - nal_unit_type: 1(Coded slice of a non-IDR picture), nal_ref_idc: 0
Jan 29, 2026 14:30:02.692 [126633085677312] DEBUG - [FFMPEG] - nal_unit_type: 6(SEI), nal_ref_idc: 0
Jan 29, 2026 14:30:02.692 [126633085677312] DEBUG - [FFMPEG] - nal_unit_type: 1(Coded slice of a non-IDR picture), nal_ref_idc: 0
Jan 29, 2026 14:30:02.697 [126633085677312] DEBUG - [FFMPEG] - nal_unit_type: 6(SEI), nal_ref_idc: 0
Jan 29, 2026 14:30:02.697 [126633085677312] DEBUG - [FFMPEG] - nal_unit_type: 1(Coded slice of a non-IDR picture), nal_ref_idc: 2
Jan 29, 2026 14:30:02.698 [126633085677312] DEBUG - [FFMPEG] - nal_unit_type: 6(SEI), nal_ref_idc: 0
Jan 29, 2026 14:30:02.698 [126633085677312] DEBUG - [FFMPEG] - nal_unit_type: 1(Coded slice of a non-IDR picture), nal_ref_idc: 0
Jan 29, 2026 14:30:02.701 [126633085677312] DEBUG - [FFMPEG] - nal_unit_type: 6(SEI), nal_ref_idc: 0
Jan 29, 2026 14:30:02.701 [126633085677312] DEBUG - [FFMPEG] - nal_unit_type: 1(Coded slice of a non-IDR picture), nal_ref_idc: 0
Jan 29, 2026 14:30:02.706 [126633085677312] DEBUG - [FFMPEG] - nal_unit_type: 6(SEI), nal_ref_idc: 0
Jan 29, 2026 14:30:02.706 [126633085677312] DEBUG - [FFMPEG] - nal_unit_type: 1(Coded slice of a non-IDR picture), nal_ref_idc: 2
Jan 29, 2026 14:30:02.707 [126633085677312] DEBUG - [FFMPEG] - All info found
Jan 29, 2026 14:30:02.709 [126633085677312] DEBUG - [FFMPEG] - After avformat_find_stream_info() pos: 109436 bytes read:175004 seeks:2 frames:39
Jan 29, 2026 14:30:02.714 [126633085677312] DEBUG - [MI]  * 59f91f71b76313352f4fc354463ca0da05b73b06 [mkv h264/eac3] Duration: 3685792ms, 1920x1080 (1.777778) 24.000fps, bitrate=5743kbps, audio channels=6, optimizedForStreaming=0 ("/tv/Senna (2024)/Season 1/Senna - S01E01 - Calling - WEBDL-1080p.mkv")
Jan 29, 2026 14:30:02.714 [126633085677312] DEBUG - [MI] Importing 2 media chapters.
Jan 29, 2026 14:30:02.714 [126633085677312] DEBUG - [MI] Closing input file: "/tv/Senna (2024)/Season 1/Senna - S01E01 - Calling - WEBDL-1080p.mkv"
Jan 29, 2026 14:30:02.715 [126633085677312] DEBUG - Committing media stream changes for part 216
Jan 29, 2026 14:30:02.719 [126633085677312] DEBUG - Updating media item 216, size=2646038935, metadata_item_id=149
Jan 29, 2026 14:30:02.719 [126633085677312] DEBUG - Updating part with ID=216 [/tv/Senna (2024)/Season 1/Senna - S01E01 - Calling - WEBDL-1080p.mkv]
Jan 29, 2026 14:30:02.720 [126633066138368] DEBUG - [HCl#1] HTTP requesting GET http://127.0.0.1:32400/:/metadata/notify/changeItemState?librarySectionID=2&metadataItemID=149&metadataType=4&state=-1&parentID=-1&rootID=-1&mediaState=analyzing
Jan 29, 2026 14:30:02.721 [126633065990912] DEBUG - [HttpClient/HCl#1] HTTP/1.1 (0.0s) 200 response from GET http://127.0.0.1:32400/:/metadata/notify/changeItemState?librarySectionID=2&metadataItemID=149&metadataType=4&state=-1&parentID=-1&rootID=-1&mediaState=analyzing
Jan 29, 2026 14:30:02.721 [126633066138368] DEBUG - [HCl#2] HTTP requesting GET http://127.0.0.1:32400/:/metadata/notify/changeItemState?librarySectionID=2&metadataItemID=149&metadataType=4&state=-1&parentID=-1&rootID=-1&mediaState=idle
Jan 29, 2026 14:30:02.722 [126633065990912] DEBUG - [HttpClient/HCl#2] HTTP/1.1 (0.0s) 200 response from GET http://127.0.0.1:32400/:/metadata/notify/changeItemState?librarySectionID=2&metadataItemID=149&metadataType=4&state=-1&parentID=-1&rootID=-1&mediaState=idle (reused)
Jan 29, 2026 14:30:02.724 [126633085677312] DEBUG - Downloading document http://127.0.0.1:32400/library/changestamp
Jan 29, 2026 14:30:02.724 [126633085677312] DEBUG - [HCl#3] HTTP requesting GET http://127.0.0.1:32400/library/changestamp
Jan 29, 2026 14:30:02.725 [126633065990912] DEBUG - [HttpClient/HCl#3] HTTP/1.1 (0.0s) 200 response from GET http://127.0.0.1:32400/library/changestamp (reused)
Jan 29, 2026 14:30:02.725 [126633085677312] DEBUG - Updating metadata item (save) (Calling) with ID 149
Jan 29, 2026 14:30:02.727 [126633066138368] DEBUG - [HCl#4] HTTP requesting GET http://127.0.0.1:32400/:/metadata/flushMetadataCounterCache?metadataItemID=147
Jan 29, 2026 14:30:02.727 [126633085677312] DEBUG - Doing expensive tags write for 'Calling' because something changed.
Jan 29, 2026 14:30:02.727 [126633065990912] DEBUG - [HttpClient/HCl#4] HTTP/1.1 (0.0s) 200 response from GET http://127.0.0.1:32400/:/metadata/flushMetadataCounterCache?metadataItemID=147 (reused)
Jan 29, 2026 14:30:02.729 [126633085677312] DEBUG - Downloading document http://127.0.0.1:32400/library/changestamp
Jan 29, 2026 14:30:02.729 [126633085677312] DEBUG - [HCl#5] HTTP requesting GET http://127.0.0.1:32400/library/changestamp
Jan 29, 2026 14:30:02.730 [126633065990912] DEBUG - [HttpClient/HCl#5] HTTP/1.1 (0.0s) 200 response from GET http://127.0.0.1:32400/library/changestamp (reused)
Jan 29, 2026 14:30:02.730 [126633085677312] DEBUG - Updating metadata item (save) (Calling) with ID 149
Jan 29, 2026 14:30:02.731 [126633066138368] DEBUG - [HCl#6] HTTP requesting GET http://127.0.0.1:32400/:/metadata/flushMetadataCounterCache?metadataItemID=147
Jan 29, 2026 14:30:02.731 [126633065990912] DEBUG - [HttpClient/HCl#6] HTTP/1.1 (0.0s) 200 response from GET http://127.0.0.1:32400/:/metadata/flushMetadataCounterCache?metadataItemID=147 (reused)
Jan 29, 2026 14:30:02.733 [126633085677312] DEBUG - Analyzing media parts for item 150 (Belonging): 217
Jan 29, 2026 14:30:02.733 [126633085677312] DEBUG - [ID 217] Media part analysis: /tv/Senna (2024)/Season 1/Senna - S01E02 - Belonging - WEBDL-1080p.mkv
Jan 29, 2026 14:30:02.734 [126633085677312] DEBUG - [MI] Opening input file: "/tv/Senna (2024)/Season 1/Senna - S01E02 - Belonging - WEBDL-1080p.mkv"
Jan 29, 2026 14:30:02.734 [126633085677312] DEBUG - [FFMPEG] - Opening '/tv/Senna (2024)/Season 1/Senna - S01E02 - Belonging - WEBDL-1080p.mkv' for reading
Jan 29, 2026 14:30:02.734 [126633085677312] DEBUG - [FFMPEG] - Setting default whitelist 'file,crypto,data'
Jan 29, 2026 14:30:02.734 [126633085677312] DEBUG - [FFMPEG] - Format matroska,webm probed with size=2048 and score=100
Jan 29, 2026 14:30:02.734 [126633085677312] DEBUG - [FFMPEG] - Unknown entry 0x22B59D at pos. 4386
Jan 29, 2026 14:30:02.734 [126633085677312] DEBUG - [FFMPEG] - Unknown entry 0x22B59D at pos. 4465
Jan 29, 2026 14:30:02.734 [126633085677312] DEBUG - [FFMPEG] - Unknown entry 0x22B59D at pos. 4543
Jan 29, 2026 14:30:02.734 [126633085677312] DEBUG - [FFMPEG] - Unknown entry 0x22B59D at pos. 4614
Jan 29, 2026 14:30:02.734 [126633085677312] DEBUG - [FFMPEG] - Unknown entry 0x22B59D at pos. 4697
Jan 29, 2026 14:30:02.734 [126633085677312] DEBUG - [FFMPEG] - Unknown entry 0x22B59D at pos. 4771
Jan 29, 2026 14:30:02.734 [126633085677312] DEBUG - [FFMPEG] - Unknown entry 0x22B59D at pos. 4844
Jan 29, 2026 14:30:02.734 [126633085677312] DEBUG - [FFMPEG] - Unknown entry 0x22B59D at pos. 4896
Jan 29, 2026 14:30:02.734 [126633085677312] DEBUG - [FFMPEG] - Unknown entry 0x22B59D at pos. 4954
Jan 29, 2026 14:30:02.734 [126633085677312] DEBUG - [FFMPEG] - Unknown entry 0x22B59D at pos. 5025
Jan 29, 2026 14:30:02.734 [126633085677312] DEBUG - [FFMPEG] - Unknown entry 0x22B59D at pos. 5084
Jan 29, 2026 14:30:02.734 [126633085677312] DEBUG - [FFMPEG] - Unknown entry 0x22B59D at pos. 5143
Jan 29, 2026 14:30:02.734 [126633085677312] DEBUG - [FFMPEG] - Unknown entry 0x22B59D at pos. 5202
Jan 29, 2026 14:30:02.734 [126633085677312] DEBUG - [FFMPEG] - Unknown entry 0x22B59D at pos. 5261
Jan 29, 2026 14:30:02.734 [126633085677312] DEBUG - [FFMPEG] - Unknown entry 0x22B59D at pos. 5320
Jan 29, 2026 14:30:02.734 [126633085677312] DEBUG - [FFMPEG] - Unknown entry 0x22B59D at pos. 5379
Jan 29, 2026 14:30:02.734 [126633085677312] DEBUG - [FFMPEG] - Unknown entry 0x22B59D at pos. 5459
Jan 29, 2026 14:30:02.734 [126633085677312] DEBUG - [FFMPEG] - Unknown entry 0x22B59D at pos. 5521
Jan 29, 2026 14:30:02.734 [126633085677312] DEBUG - [FFMPEG] - Unknown entry 0x22B59D at pos. 5580
Jan 29, 2026 14:30:02.734 [126633085677312] DEBUG - [FFMPEG] - Unknown entry 0x22B59D at pos. 5639
Jan 29, 2026 14:30:02.734 [126633085677312] DEBUG - [FFMPEG] - Unknown entry 0x22B59D at pos. 5699
Jan 29, 2026 14:30:02.734 [126633085677312] DEBUG - [FFMPEG] - Unknown entry 0x22B59D at pos. 5758
Jan 29, 2026 14:30:02.734 [126633085677312] DEBUG - [FFMPEG] - Unknown entry 0x22B59D at pos. 5817
Jan 29, 2026 14:30:02.734 [126633085677312] DEBUG - [FFMPEG] - Unknown entry 0x22B59D at pos. 5876
Jan 29, 2026 14:30:02.734 [126633085677312] DEBUG - [FFMPEG] - Unknown entry 0x22B59D at pos. 5935
Jan 29, 2026 14:30:02.734 [126633085677312] DEBUG - [FFMPEG] - Unknown entry 0x22B59D at pos. 5994
Jan 29, 2026 14:30:02.734 [126633085677312] DEBUG - [FFMPEG] - Unknown entry 0x22B59D at pos. 6053
Jan 29, 2026 14:30:02.734 [126633085677312] DEBUG - [FFMPEG] - Unknown entry 0x22B59D at pos. 6112
Jan 29, 2026 14:30:02.734 [126633085677312] DEBUG - [FFMPEG] - Unknown entry 0x22B59D at pos. 6171
Jan 29, 2026 14:30:02.734 [126633085677312] DEBUG - [FFMPEG] - Unknown entry 0x22B59D at pos. 6230
Jan 29, 2026 14:30:02.734 [126633085677312] DEBUG - [FFMPEG] - Unknown entry 0x22B59D at pos. 6289
Jan 29, 2026 14:30:02.735 [126633085677312] DEBUG - [FFMPEG] - Unknown entry 0x22B59D at pos. 6348
Jan 29, 2026 14:30:02.735 [126633085677312] DEBUG - [FFMPEG] - Unknown entry 0x22B59D at pos. 6407
Jan 29, 2026 14:30:02.735 [126633085677312] DEBUG - [FFMPEG] - Unknown entry 0x22B59D at pos. 6466
Jan 29, 2026 14:30:02.735 [126633085677312] DEBUG - [FFMPEG] - Unknown entry 0x22B59D at pos. 6525
Jan 29, 2026 14:30:02.735 [126633085677312] DEBUG - [FFMPEG] - Unknown entry 0x22B59D at pos. 6584
Jan 29, 2026 14:30:02.735 [126633085677312] DEBUG - [FFMPEG] - Unknown entry 0x22B59D at pos. 6643
Jan 29, 2026 14:30:02.735 [126633085677312] DEBUG - [FFMPEG] - Unknown entry 0x22B59D at pos. 6702
Jan 29, 2026 14:30:02.735 [126633085677312] DEBUG - [FFMPEG] - Unknown entry 0x22B59D at pos. 6761
Jan 29, 2026 14:30:02.735 [126633085677312] DEBUG - [FFMPEG] - Unknown entry 0x22B59D at pos. 6820
Jan 29, 2026 14:30:02.735 [126633085677312] DEBUG - [FFMPEG] - Unknown entry 0x22B59D at pos. 6879
Jan 29, 2026 14:30:02.735 [126633085677312] DEBUG - [FFMPEG] - Unknown entry 0x22B59D at pos. 6956
Jan 29, 2026 14:30:02.735 [126633085677312] DEBUG - [FFMPEG] - Unknown entry 0x437D at pos. 8968
Jan 29, 2026 14:30:02.735 [126633085677312] DEBUG - [FFMPEG] - Unknown entry 0x437D at pos. 9015
Jan 29, 2026 14:30:02.735 [126633085677312] DEBUG - [FFMPEG] - Unknown entry 0x437D at pos. 9064
Jan 29, 2026 14:30:02.735 [126633085677312] DEBUG - [FFMPEG] - Unknown entry 0x437D at pos. 9114
Jan 29, 2026 14:30:02.735 [126633085677312] DEBUG - [FFMPEG] - st:0 removing common factor 1000000 from timebase
Jan 29, 2026 14:30:02.735 [126633085677312] DEBUG - [FFMPEG] - st:1 removing common factor 1000000 from timebase
Jan 29, 2026 14:30:02.735 [126633085677312] DEBUG - [FFMPEG] - st:2 removing common factor 1000000 from timebase
Jan 29, 2026 14:30:02.735 [126633085677312] DEBUG - [FFMPEG] - st:3 removing common factor 1000000 from timebase
Jan 29, 2026 14:30:02.735 [126633085677312] DEBUG - [FFMPEG] - st:4 removing common factor 1000000 from timebase
Jan 29, 2026 14:30:02.735 [126633085677312] DEBUG - [FFMPEG] - st:5 removing common factor 1000000 from timebase
Jan 29, 2026 14:30:02.735 [126633085677312] DEBUG - [FFMPEG] - st:6 removing common factor 1000000 from timebase
Jan 29, 2026 14:30:02.735 [126633085677312] DEBUG - [FFMPEG] - st:7 removing common factor 1000000 from timebase
Jan 29, 2026 14:30:02.735 [126633085677312] DEBUG - [FFMPEG] - st:8 removing common factor 1000000 from timebase
Jan 29, 2026 14:30:02.735 [126633085677312] DEBUG - [FFMPEG] - st:9 removing common factor 1000000 from timebase
Jan 29, 2026 14:30:02.735 [126633085677312] DEBUG - [FFMPEG] - st:10 removing common factor 1000000 from timebase
Jan 29, 2026 14:30:02.735 [126633085677312] DEBUG - [FFMPEG] - st:11 removing common factor 1000000 from timebase
Jan 29, 2026 14:30:02.735 [126633085677312] DEBUG - [FFMPEG] - st:12 removing common factor 1000000 from timebase
Jan 29, 2026 14:30:02.735 [126633085677312] DEBUG - [FFMPEG] - st:13 removing common factor 1000000 from timebase
Jan 29, 2026 14:30:02.735 [126633085677312] DEBUG - [FFMPEG] - st:14 removing common factor 1000000 from timebase
Jan 29, 2026 14:30:02.735 [126633085677312] DEBUG - [FFMPEG] - st:15 removing common factor 1000000 from timebase
Jan 29, 2026 14:30:02.735 [126633085677312] DEBUG - [FFMPEG] - st:16 removing common factor 1000000 from timebase
Jan 29, 2026 14:30:02.735 [126633085677312] DEBUG - [FFMPEG] - st:17 removing common factor 1000000 from timebase
Jan 29, 2026 14:30:02.735 [126633085677312] DEBUG - [FFMPEG] - st:18 removing common factor 1000000 from timebase
Jan 29, 2026 14:30:02.735 [126633085677312] DEBUG - [FFMPEG] - st:19 removing common factor 1000000 from timebase
Jan 29, 2026 14:30:02.735 [126633085677312] DEBUG - [FFMPEG] - st:20 removing common factor 1000000 from timebase
Jan 29, 2026 14:30:02.735 [126633085677312] DEBUG - [FFMPEG] - st:21 removing common factor 1000000 from timebase
Jan 29, 2026 14:30:02.735 [126633085677312] DEBUG - [FFMPEG] - st:22 removing common factor 1000000 from timebase
Jan 29, 2026 14:30:02.735 [126633085677312] DEBUG - [FFMPEG] - st:23 removing common factor 1000000 from timebase
Jan 29, 2026 14:30:02.735 [126633085677312] DEBUG - [FFMPEG] - st:24 removing common factor 1000000 from timebase
Jan 29, 2026 14:30:02.735 [126633085677312] DEBUG - [FFMPEG] - st:25 removing common factor 1000000 from timebase
Jan 29, 2026 14:30:02.735 [126633085677312] DEBUG - [FFMPEG] - st:26 removing common factor 1000000 from timebase
Jan 29, 2026 14:30:02.735 [126633085677312] DEBUG - [FFMPEG] - st:27 removing common factor 1000000 from timebase
Jan 29, 2026 14:30:02.735 [126633085677312] DEBUG - [FFMPEG] - st:28 removing common factor 1000000 from timebase
Jan 29, 2026 14:30:02.735 [126633085677312] DEBUG - [FFMPEG] - st:29 removing common factor 1000000 from timebase
Jan 29, 2026 14:30:02.735 [126633085677312] DEBUG - [FFMPEG] - st:30 removing common factor 1000000 from timebase
Jan 29, 2026 14:30:02.735 [126633085677312] DEBUG - [FFMPEG] - st:31 removing common factor 1000000 from timebase
Jan 29, 2026 14:30:02.735 [126633085677312] DEBUG - [FFMPEG] - st:32 removing common factor 1000000 from timebase
Jan 29, 2026 14:30:02.735 [126633085677312] DEBUG - [FFMPEG] - st:33 removing common factor 1000000 from timebase
Jan 29, 2026 14:30:02.735 [126633085677312] DEBUG - [FFMPEG] - st:34 removing common factor 1000000 from timebase
Jan 29, 2026 14:30:02.735 [126633085677312] DEBUG - [FFMPEG] - st:35 removing common factor 1000000 from timebase
Jan 29, 2026 14:30:02.735 [126633085677312] DEBUG - [FFMPEG] - st:36 removing common factor 1000000 from timebase
Jan 29, 2026 14:30:02.735 [126633085677312] DEBUG - [FFMPEG] - st:37 removing common factor 1000000 from timebase
Jan 29, 2026 14:30:02.735 [126633085677312] DEBUG - [FFMPEG] - st:38 removing common factor 1000000 from timebase
Jan 29, 2026 14:30:02.735 [126633085677312] DEBUG - [FFMPEG] - st:39 removing common factor 1000000 from timebase
Jan 29, 2026 14:30:02.735 [126633085677312] DEBUG - [FFMPEG] - st:40 removing common factor 1000000 from timebase
Jan 29, 2026 14:30:02.735 [126633085677312] DEBUG - [FFMPEG] - st:41 removing common factor 1000000 from timebase
Jan 29, 2026 14:30:02.735 [126633085677312] DEBUG - [FFMPEG] - Before avformat_find_stream_info() pos: 9226 bytes read:43934 seeks:2 nb_streams:42
Jan 29, 2026 14:30:02.736 [126633085677312] DEBUG - [FFMPEG] - nal_unit_type: 7(SPS), nal_ref_idc: 3
Jan 29, 2026 14:30:02.736 [126633085677312] DEBUG - [FFMPEG] - nal_unit_type: 8(PPS), nal_ref_idc: 3
Jan 29, 2026 14:30:02.737 [126633085677312] DEBUG - [FFMPEG] - nal_unit_type: 7(SPS), nal_ref_idc: 3
Jan 29, 2026 14:30:02.737 [126633085677312] DEBUG - [FFMPEG] - nal_unit_type: 8(PPS), nal_ref_idc: 3
Jan 29, 2026 14:30:02.737 [126633085677312] DEBUG - [FFMPEG] - nal_unit_type: 6(SEI), nal_ref_idc: 0
Jan 29, 2026 14:30:02.737 [126633085677312] DEBUG - [FFMPEG] - nal_unit_type: 6(SEI), nal_ref_idc: 0
Jan 29, 2026 14:30:02.737 [126633085677312] DEBUG - [FFMPEG] - nal_unit_type: 6(SEI), nal_ref_idc: 0
Jan 29, 2026 14:30:02.737 [126633085677312] DEBUG - [FFMPEG] - nal_unit_type: 5(IDR), nal_ref_idc: 3
Jan 29, 2026 14:30:02.737 [126633085677312] DEBUG - [FFMPEG] - Format yuv420p chosen by get_format().
Jan 29, 2026 14:30:02.740 [126633085677312] DEBUG - [FFMPEG] - no picture 
Jan 29, 2026 14:30:02.742 [126633085677312] DEBUG - [FFMPEG] - nal_unit_type: 6(SEI), nal_ref_idc: 0
Jan 29, 2026 14:30:02.742 [126633085677312] DEBUG - [FFMPEG] - nal_unit_type: 1(Coded slice of a non-IDR picture), nal_ref_idc: 2
Jan 29, 2026 14:30:02.745 [126633085677312] DEBUG - [FFMPEG] - nal_unit_type: 6(SEI), nal_ref_idc: 0
Jan 29, 2026 14:30:02.745 [126633085677312] DEBUG - [FFMPEG] - nal_unit_type: 1(Coded slice of a non-IDR picture), nal_ref_idc: 0
Jan 29, 2026 14:30:02.750 [126633085677312] DEBUG - [FFMPEG] - nal_unit_type: 6(SEI), nal_ref_idc: 0
Jan 29, 2026 14:30:02.750 [126633085677312] DEBUG - [FFMPEG] - nal_unit_type: 1(Coded slice of a non-IDR picture), nal_ref_idc: 0
Jan 29, 2026 14:30:02.755 [126633085677312] DEBUG - [FFMPEG] - nal_unit_type: 6(SEI), nal_ref_idc: 0
Jan 29, 2026 14:30:02.755 [126633085677312] DEBUG - [FFMPEG] - nal_unit_type: 1(Coded slice of a non-IDR picture), nal_ref_idc: 2
Jan 29, 2026 14:30:02.757 [126633085677312] DEBUG - [FFMPEG] - nal_unit_type: 6(SEI), nal_ref_idc: 0
Jan 29, 2026 14:30:02.757 [126633085677312] DEBUG - [FFMPEG] - nal_unit_type: 1(Coded slice of a non-IDR picture), nal_ref_idc: 0
Jan 29, 2026 14:30:02.761 [126633085677312] DEBUG - [FFMPEG] - nal_unit_type: 6(SEI), nal_ref_idc: 0
Jan 29, 2026 14:30:02.761 [126633085677312] DEBUG - [FFMPEG] - nal_unit_type: 1(Coded slice of a non-IDR picture), nal_ref_idc: 0
Jan 29, 2026 14:30:02.766 [126633085677312] DEBUG - [FFMPEG] - nal_unit_type: 6(SEI), nal_ref_idc: 0
Jan 29, 2026 14:30:02.766 [126633085677312] DEBUG - [FFMPEG] - nal_unit_type: 1(Coded slice of a non-IDR picture), nal_ref_idc: 2
Jan 29, 2026 14:30:02.768 [126633085677312] DEBUG - [FFMPEG] - All info found
Jan 29, 2026 14:30:02.770 [126633085677312] DEBUG - [FFMPEG] - After avformat_find_stream_info() pos: 109535 bytes read:175006 seeks:2 frames:39
Jan 29, 2026 14:30:02.771 [126633085677312] DEBUG - [MI]  * 2ae3137dfec8b10e8cf57eb548ab4c3be3f92aa4 [mkv h264/eac3] Duration: 3970625ms, 1920x1080 (1.777778) 24.000fps, bitrate=5791kbps, audio channels=6, optimizedForStreaming=0 ("/tv/Senna (2024)/Season 1/Senna - S01E02 - Belonging - WEBDL-1080p.mkv")
Jan 29, 2026 14:30:02.771 [126633085677312] DEBUG - [MI] Importing 4 media chapters.
Jan 29, 2026 14:30:02.771 [126633085677312] DEBUG - [MI] Closing input file: "/tv/Senna (2024)/Season 1/Senna - S01E02 - Belonging - WEBDL-1080p.mkv"
Jan 29, 2026 14:30:02.772 [126633085677312] DEBUG - Committing media stream changes for part 217
Jan 29, 2026 14:30:02.775 [126633085677312] DEBUG - Updating media item 217, size=2874684311, metadata_item_id=150
Jan 29, 2026 14:30:02.775 [126633085677312] DEBUG - Updating part with ID=217 [/tv/Senna (2024)/Season 1/Senna - S01E02 - Belonging - WEBDL-1080p.mkv]
Jan 29, 2026 14:30:02.776 [126633066138368] DEBUG - [HCl#7] HTTP requesting GET http://127.0.0.1:32400/:/metadata/notify/changeItemState?librarySectionID=2&metadataItemID=150&metadataType=4&state=-1&parentID=-1&rootID=-1&mediaState=analyzing
Jan 29, 2026 14:30:02.777 [126633065990912] DEBUG - [HttpClient/HCl#7] HTTP/1.1 (0.0s) 200 response from GET http://127.0.0.1:32400/:/metadata/notify/changeItemState?librarySectionID=2&metadataItemID=150&metadataType=4&state=-1&parentID=-1&rootID=-1&mediaState=analyzing (reused)
Jan 29, 2026 14:30:02.777 [126633066138368] DEBUG - [HCl#8] HTTP requesting GET http://127.0.0.1:32400/:/metadata/notify/changeItemState?librarySectionID=2&metadataItemID=150&metadataType=4&state=-1&parentID=-1&rootID=-1&mediaState=idle
Jan 29, 2026 14:30:02.778 [126633065990912] DEBUG - [HttpClient/HCl#8] HTTP/1.1 (0.0s) 200 response from GET http://127.0.0.1:32400/:/metadata/notify/changeItemState?librarySectionID=2&metadataItemID=150&metadataType=4&state=-1&parentID=-1&rootID=-1&mediaState=idle (reused)
Jan 29, 2026 14:30:02.783 [126633085677312] DEBUG - Downloading document http://127.0.0.1:32400/library/changestamp
Jan 29, 2026 14:30:02.783 [126633085677312] DEBUG - [HCl#9] HTTP requesting GET http://127.0.0.1:32400/library/changestamp
Jan 29, 2026 14:30:02.784 [126633065990912] DEBUG - [HttpClient/HCl#9] HTTP/1.1 (0.0s) 200 response from GET http://127.0.0.1:32400/library/changestamp (reused)
Jan 29, 2026 14:30:02.784 [126633085677312] DEBUG - Updating metadata item (save) (Belonging) with ID 150
Jan 29, 2026 14:30:02.788 [126633066138368] DEBUG - [HCl#a] HTTP requesting GET http://127.0.0.1:32400/:/metadata/flushMetadataCounterCache?metadataItemID=147
Jan 29, 2026 14:30:02.788 [126633085677312] DEBUG - Doing expensive tags write for 'Belonging' because something changed.
Jan 29, 2026 14:30:02.788 [126633065990912] DEBUG - [HttpClient/HCl#a] HTTP/1.1 (0.0s) 200 response from GET http://127.0.0.1:32400/:/metadata/flushMetadataCounterCache?metadataItemID=147 (reused)
Jan 29, 2026 14:30:02.789 [126633085677312] DEBUG - Downloading document http://127.0.0.1:32400/library/changestamp
Jan 29, 2026 14:30:02.790 [126633085677312] DEBUG - [HCl#b] HTTP requesting GET http://127.0.0.1:32400/library/changestamp
Jan 29, 2026 14:30:02.790 [126633065990912] DEBUG - [HttpClient/HCl#b] HTTP/1.1 (0.0s) 200 response from GET http://127.0.0.1:32400/library/changestamp (reused)
Jan 29, 2026 14:30:02.790 [126633085677312] DEBUG - Updating metadata item (save) (Belonging) with ID 150
Jan 29, 2026 14:30:02.791 [126633066138368] DEBUG - [HCl#c] HTTP requesting GET http://127.0.0.1:32400/:/metadata/flushMetadataCounterCache?metadataItemID=147
Jan 29, 2026 14:30:02.792 [126633065990912] DEBUG - [HttpClient/HCl#c] HTTP/1.1 (0.0s) 200 response from GET http://127.0.0.1:32400/:/metadata/flushMetadataCounterCache?metadataItemID=147 (reused)
Jan 29, 2026 14:30:02.793 [126633085677312] DEBUG - Analyzing media parts for item 151 (Ambition): 218
Jan 29, 2026 14:30:02.794 [126633085677312] DEBUG - [ID 218] Media part analysis: /tv/Senna (2024)/Season 1/Senna - S01E03 - Ambition - WEBDL-1080p.mkv
Jan 29, 2026 14:30:02.794 [126633085677312] DEBUG - [MI] Opening input file: "/tv/Senna (2024)/Season 1/Senna - S01E03 - Ambition - WEBDL-1080p.mkv"
Jan 29, 2026 14:30:02.794 [126633085677312] DEBUG - [FFMPEG] - Opening '/tv/Senna (2024)/Season 1/Senna - S01E03 - Ambition - WEBDL-1080p.mkv' for reading
Jan 29, 2026 14:30:02.794 [126633085677312] DEBUG - [FFMPEG] - Setting default whitelist 'file,crypto,data'
Jan 29, 2026 14:30:02.794 [126633085677312] DEBUG - [FFMPEG] - Format matroska,webm probed with size=2048 and score=100
Jan 29, 2026 14:30:02.794 [126633085677312] DEBUG - [FFMPEG] - Unknown entry 0x22B59D at pos. 4386
Jan 29, 2026 14:30:02.794 [126633085677312] DEBUG - [FFMPEG] - Unknown entry 0x22B59D at pos. 4465
Jan 29, 2026 14:30:02.794 [126633085677312] DEBUG - [FFMPEG] - Unknown entry 0x22B59D at pos. 4543
Jan 29, 2026 14:30:02.794 [126633085677312] DEBUG - [FFMPEG] - Unknown entry 0x22B59D at pos. 4614
Jan 29, 2026 14:30:02.795 [126633085677312] DEBUG - [FFMPEG] - Unknown entry 0x22B59D at pos. 4697
Jan 29, 2026 14:30:02.795 [126633085677312] DEBUG - [FFMPEG] - Unknown entry 0x22B59D at pos. 4771
Jan 29, 2026 14:30:02.795 [126633085677312] DEBUG - [FFMPEG] - Unknown entry 0x22B59D at pos. 4844
Jan 29, 2026 14:30:02.795 [126633085677312] DEBUG - [FFMPEG] - Unknown entry 0x22B59D at pos. 4896
Jan 29, 2026 14:30:02.795 [126633085677312] DEBUG - [FFMPEG] - Unknown entry 0x22B59D at pos. 4954
Jan 29, 2026 14:30:02.795 [126633085677312] DEBUG - [FFMPEG] - Unknown entry 0x22B59D at pos. 5025
Jan 29, 2026 14:30:02.795 [126633085677312] DEBUG - [FFMPEG] - Unknown entry 0x22B59D at pos. 5084
Jan 29, 2026 14:30:02.795 [126633085677312] DEBUG - [FFMPEG] - Unknown entry 0x22B59D at pos. 5143
Jan 29, 2026 14:30:02.795 [126633085677312] DEBUG - [FFMPEG] - Unknown entry 0x22B59D at pos. 5202
Jan 29, 2026 14:30:02.795 [126633085677312] DEBUG - [FFMPEG] - Unknown entry 0x22B59D at pos. 5261
Jan 29, 2026 14:30:02.795 [126633085677312] DEBUG - [FFMPEG] - Unknown entry 0x22B59D at pos. 5320
Jan 29, 2026 14:30:02.795 [126633085677312] DEBUG - [FFMPEG] - Unknown entry 0x22B59D at pos. 5379
Jan 29, 2026 14:30:02.795 [126633085677312] DEBUG - [FFMPEG] - Unknown entry 0x22B59D at pos. 5459
Jan 29, 2026 14:30:02.795 [126633085677312] DEBUG - [FFMPEG] - Unknown entry 0x22B59D at pos. 5521
Jan 29, 2026 14:30:02.795 [126633085677312] DEBUG - [FFMPEG] - Unknown entry 0x22B59D at pos. 5580
Jan 29, 2026 14:30:02.795 [126633085677312] DEBUG - [FFMPEG] - Unknown entry 0x22B59D at pos. 5639
Jan 29, 2026 14:30:02.795 [126633085677312] DEBUG - [FFMPEG] - Unknown entry 0x22B59D at pos. 5699
Jan 29, 2026 14:30:02.795 [126633085677312] DEBUG - [FFMPEG] - Unknown entry 0x22B59D at pos. 5758
Jan 29, 2026 14:30:02.795 [126633085677312] DEBUG - [FFMPEG] - Unknown entry 0x22B59D at pos. 5817
Jan 29, 2026 14:30:02.795 [126633085677312] DEBUG - [FFMPEG] - Unknown entry 0x22B59D at pos. 5876
Jan 29, 2026 14:30:02.795 [126633085677312] DEBUG - [FFMPEG] - Unknown entry 0x22B59D at pos. 5935
Jan 29, 2026 14:30:02.795 [126633085677312] DEBUG - [FFMPEG] - Unknown entry 0x22B59D at pos. 5994
Jan 29, 2026 14:30:02.795 [126633085677312] DEBUG - [FFMPEG] - Unknown entry 0x22B59D at pos. 6053
Jan 29, 2026 14:30:02.795 [126633085677312] DEBUG - [FFMPEG] - Unknown entry 0x22B59D at pos. 6111
Jan 29, 2026 14:30:02.795 [126633085677312] DEBUG - [FFMPEG] - Unknown entry 0x22B59D at pos. 6170
Jan 29, 2026 14:30:02.795 [126633085677312] DEBUG - [FFMPEG] - Unknown entry 0x22B59D at pos. 6229
Jan 29, 2026 14:30:02.795 [126633085677312] DEBUG - [FFMPEG] - Unknown entry 0x22B59D at pos. 6288
Jan 29, 2026 14:30:02.795 [126633085677312] DEBUG - [FFMPEG] - Unknown entry 0x22B59D at pos. 6347
Jan 29, 2026 14:30:02.795 [126633085677312] DEBUG - [FFMPEG] - Unknown entry 0x22B59D at pos. 6406
Jan 29, 2026 14:30:02.795 [126633085677312] DEBUG - [FFMPEG] - Unknown entry 0x22B59D at pos. 6465
Jan 29, 2026 14:30:02.795 [126633085677312] DEBUG - [FFMPEG] - Unknown entry 0x22B59D at pos. 6524
Jan 29, 2026 14:30:02.795 [126633085677312] DEBUG - [FFMPEG] - Unknown entry 0x22B59D at pos. 6583
Jan 29, 2026 14:30:02.795 [126633085677312] DEBUG - [FFMPEG] - Unknown entry 0x22B59D at pos. 6642
Jan 29, 2026 14:30:02.795 [126633085677312] DEBUG - [FFMPEG] - Unknown entry 0x22B59D at pos. 6701
Jan 29, 2026 14:30:02.795 [126633085677312] DEBUG - [FFMPEG] - Unknown entry 0x22B59D at pos. 6760
Jan 29, 2026 14:30:02.795 [126633085677312] DEBUG - [FFMPEG] - Unknown entry 0x22B59D at pos. 6819
Jan 29, 2026 14:30:02.795 [126633085677312] DEBUG - [FFMPEG] - Unknown entry 0x22B59D at pos. 6878
Jan 29, 2026 14:30:02.795 [126633085677312] DEBUG - [FFMPEG] - Unknown entry 0x22B59D at pos. 6955
Jan 29, 2026 14:30:02.795 [126633085677312] DEBUG - [FFMPEG] - Unknown entry 0x437D at pos. 8967
Jan 29, 2026 14:30:02.795 [126633085677312] DEBUG - [FFMPEG] - Unknown entry 0x437D at pos. 9014
Jan 29, 2026 14:30:02.795 [126633085677312] DEBUG - [FFMPEG] - Unknown entry 0x437D at pos. 9063
Jan 29, 2026 14:30:02.795 [126633085677312] DEBUG - [FFMPEG] - Unknown entry 0x437D at pos. 9113
Jan 29, 2026 14:30:02.796 [126633085677312] DEBUG - [FFMPEG] - st:0 removing common factor 1000000 from timebase
Jan 29, 2026 14:30:02.796 [126633085677312] DEBUG - [FFMPEG] - st:1 removing common factor 1000000 from timebase
Jan 29, 2026 14:30:02.796 [126633085677312] DEBUG - [FFMPEG] - st:2 removing common factor 1000000 from timebase
Jan 29, 2026 14:30:02.796 [126633085677312] DEBUG - [FFMPEG] - st:3 removing common factor 1000000 from timebase
Jan 29, 2026 14:30:02.796 [126633085677312] DEBUG - [FFMPEG] - st:4 removing common factor 1000000 from timebase
Jan 29, 2026 14:30:02.796 [126633085677312] DEBUG - [FFMPEG] - st:5 removing common factor 1000000 from timebase
Jan 29, 2026 14:30:02.796 [126633085677312] DEBUG - [FFMPEG] - st:6 removing common factor 1000000 from timebase
Jan 29, 2026 14:30:02.796 [126633085677312] DEBUG - [FFMPEG] - st:7 removing common factor 1000000 from timebase
Jan 29, 2026 14:30:02.796 [126633085677312] DEBUG - [FFMPEG] - st:8 removing common factor 1000000 from timebase
Jan 29, 2026 14:30:02.796 [126633085677312] DEBUG - [FFMPEG] - st:9 removing common factor 1000000 from timebase
Jan 29, 2026 14:30:02.796 [126633085677312] DEBUG - [FFMPEG] - st:10 removing common factor 1000000 from timebase
Jan 29, 2026 14:30:02.796 [126633085677312] DEBUG - [FFMPEG] - st:11 removing common factor 1000000 from timebase
Jan 29, 2026 14:30:02.796 [126633085677312] DEBUG - [FFMPEG] - st:12 removing common factor 1000000 from timebase
Jan 29, 2026 14:30:02.796 [126633085677312] DEBUG - [FFMPEG] - st:13 removing common factor 1000000 from timebase
Jan 29, 2026 14:30:02.796 [126633085677312] DEBUG - [FFMPEG] - st:14 removing common factor 1000000 from timebase
Jan 29, 2026 14:30:02.796 [126633085677312] DEBUG - [FFMPEG] - st:15 removing common factor 1000000 from timebase
Jan 29, 2026 14:30:02.796 [126633085677312] DEBUG - [FFMPEG] - st:16 removing common factor 1000000 from timebase
Jan 29, 2026 14:30:02.796 [126633085677312] DEBUG - [FFMPEG] - st:17 removing common factor 1000000 from timebase
Jan 29, 2026 14:30:02.796 [126633085677312] DEBUG - [FFMPEG] - st:18 removing common factor 1000000 from timebase
Jan 29, 2026 14:30:02.796 [126633085677312] DEBUG - [FFMPEG] - st:19 removing common factor 1000000 from timebase
Jan 29, 2026 14:30:02.796 [126633085677312] DEBUG - [FFMPEG] - st:20 removing common factor 1000000 from timebase
Jan 29, 2026 14:30:02.796 [126633085677312] DEBUG - [FFMPEG] - st:21 removing common factor 1000000 from timebase
Jan 29, 2026 14:30:02.796 [126633085677312] DEBUG - [FFMPEG] - st:22 removing common factor 1000000 from timebase
Jan 29, 2026 14:30:02.796 [126633085677312] DEBUG - [FFMPEG] - st:23 removing common factor 1000000 from timebase
Jan 29, 2026 14:30:02.796 [126633085677312] DEBUG - [FFMPEG] - st:24 removing common factor 1000000 from timebase
Jan 29, 2026 14:30:02.796 [126633085677312] DEBUG - [FFMPEG] - st:25 removing common factor 1000000 from timebase
Jan 29, 2026 14:30:02.796 [126633085677312] DEBUG - [FFMPEG] - st:26 removing common factor 1000000 from timebase
Jan 29, 2026 14:30:02.796 [126633085677312] DEBUG - [FFMPEG] - st:27 removing common factor 1000000 from timebase
Jan 29, 2026 14:30:02.796 [126633085677312] DEBUG - [FFMPEG] - st:28 removing common factor 1000000 from timebase
Jan 29, 2026 14:30:02.796 [126633085677312] DEBUG - [FFMPEG] - st:29 removing common factor 1000000 from timebase
Jan 29, 2026 14:30:02.796 [126633085677312] DEBUG - [FFMPEG] - st:30 removing common factor 1000000 from timebase
Jan 29, 2026 14:30:02.796 [126633085677312] DEBUG - [FFMPEG] - st:31 removing common factor 1000000 from timebase
Jan 29, 2026 14:30:02.796 [126633085677312] DEBUG - [FFMPEG] - st:32 removing common factor 1000000 from timebase
Jan 29, 2026 14:30:02.796 [126633085677312] DEBUG - [FFMPEG] - st:33 removing common factor 1000000 from timebase
Jan 29, 2026 14:30:02.796 [126633085677312] DEBUG - [FFMPEG] - st:34 removing common factor 1000000 from timebase
Jan 29, 2026 14:30:02.796 [126633085677312] DEBUG - [FFMPEG] - st:35 removing common factor 1000000 from timebase
Jan 29, 2026 14:30:02.796 [126633085677312] DEBUG - [FFMPEG] - st:36 removing common factor 1000000 from timebase
Jan 29, 2026 14:30:02.796 [126633085677312] DEBUG - [FFMPEG] - st:37 removing common factor 1000000 from timebase
Jan 29, 2026 14:30:02.796 [126633085677312] DEBUG - [FFMPEG] - st:38 removing common factor 1000000 from timebase
Jan 29, 2026 14:30:02.796 [126633085677312] DEBUG - [FFMPEG] - st:39 removing common factor 1000000 from timebase
Jan 29, 2026 14:30:02.796 [126633085677312] DEBUG - [FFMPEG] - st:40 removing common factor 1000000 from timebase
Jan 29, 2026 14:30:02.796 [126633085677312] DEBUG - [FFMPEG] - st:41 removing common factor 1000000 from timebase
Jan 29, 2026 14:30:02.797 [126633085677312] DEBUG - [FFMPEG] - Before avformat_find_stream_info() pos: 9225 bytes read:43935 seeks:2 nb_streams:42
Jan 29, 2026 14:30:02.797 [126633085677312] DEBUG - [FFMPEG] - nal_unit_type: 7(SPS), nal_ref_idc: 3
Jan 29, 2026 14:30:02.797 [126633085677312] DEBUG - [FFMPEG] - nal_unit_type: 8(PPS), nal_ref_idc: 3
Jan 29, 2026 14:30:02.798 [126633085677312] DEBUG - [FFMPEG] - nal_unit_type: 7(SPS), nal_ref_idc: 3
Jan 29, 2026 14:30:02.798 [126633085677312] DEBUG - [FFMPEG] - nal_unit_type: 8(PPS), nal_ref_idc: 3
Jan 29, 2026 14:30:02.798 [126633085677312] DEBUG - [FFMPEG] - nal_unit_type: 6(SEI), nal_ref_idc: 0
Jan 29, 2026 14:30:02.798 [126633085677312] DEBUG - [FFMPEG] - nal_unit_type: 6(SEI), nal_ref_idc: 0
Jan 29, 2026 14:30:02.798 [126633085677312] DEBUG - [FFMPEG] - nal_unit_type: 6(SEI), nal_ref_idc: 0
Jan 29, 2026 14:30:02.798 [126633085677312] DEBUG - [FFMPEG] - nal_unit_type: 5(IDR), nal_ref_idc: 3
Jan 29, 2026 14:30:02.798 [126633085677312] DEBUG - [FFMPEG] - Format yuv420p chosen by get_format().
Jan 29, 2026 14:30:02.801 [126633085677312] DEBUG - [FFMPEG] - no picture 
Jan 29, 2026 14:30:02.803 [126633085677312] DEBUG - [FFMPEG] - nal_unit_type: 6(SEI), nal_ref_idc: 0
Jan 29, 2026 14:30:02.803 [126633085677312] DEBUG - [FFMPEG] - nal_unit_type: 1(Coded slice of a non-IDR picture), nal_ref_idc: 2
Jan 29, 2026 14:30:02.807 [126633085677312] DEBUG - [FFMPEG] - nal_unit_type: 6(SEI), nal_ref_idc: 0
Jan 29, 2026 14:30:02.807 [126633085677312] DEBUG - [FFMPEG] - nal_unit_type: 1(Coded slice of a non-IDR picture), nal_ref_idc: 0
Jan 29, 2026 14:30:02.813 [126633085677312] DEBUG - [FFMPEG] - nal_unit_type: 6(SEI), nal_ref_idc: 0
Jan 29, 2026 14:30:02.813 [126633085677312] DEBUG - [FFMPEG] - nal_unit_type: 1(Coded slice of a non-IDR picture), nal_ref_idc: 0
Jan 29, 2026 14:30:02.818 [126633085677312] DEBUG - [FFMPEG] - nal_unit_type: 6(SEI), nal_ref_idc: 0
Jan 29, 2026 14:30:02.818 [126633085677312] DEBUG - [FFMPEG] - nal_unit_type: 1(Coded slice of a non-IDR picture), nal_ref_idc: 2
Jan 29, 2026 14:30:02.819 [126633085677312] DEBUG - [FFMPEG] - nal_unit_type: 6(SEI), nal_ref_idc: 0
Jan 29, 2026 14:30:02.819 [126633085677312] DEBUG - [FFMPEG] - nal_unit_type: 1(Coded slice of a non-IDR picture), nal_ref_idc: 0
Jan 29, 2026 14:30:02.822 [126633085677312] DEBUG - [FFMPEG] - nal_unit_type: 6(SEI), nal_ref_idc: 0
Jan 29, 2026 14:30:02.822 [126633085677312] DEBUG - [FFMPEG] - nal_unit_type: 1(Coded slice of a non-IDR picture), nal_ref_idc: 0
Jan 29, 2026 14:30:02.827 [126633085677312] DEBUG - [FFMPEG] - nal_unit_type: 6(SEI), nal_ref_idc: 0
Jan 29, 2026 14:30:02.827 [126633085677312] DEBUG - [FFMPEG] - nal_unit_type: 1(Coded slice of a non-IDR picture), nal_ref_idc: 2
Jan 29, 2026 14:30:02.829 [126633085677312] DEBUG - [FFMPEG] - All info found
Jan 29, 2026 14:30:02.831 [126633085677312] DEBUG - [FFMPEG] - After avformat_find_stream_info() pos: 109534 bytes read:175007 seeks:2 frames:39
Jan 29, 2026 14:30:02.831 [126633085677312] DEBUG - [MI]  * df46f5c721bd98f623b043f5cba2a7a9e004a607 [mkv h264/eac3] Duration: 4291209ms, 1920x1080 (1.777778) 24.000fps, bitrate=5864kbps, audio channels=6, optimizedForStreaming=0 ("/tv/Senna (2024)/Season 1/Senna - S01E03 - Ambition - WEBDL-1080p.mkv")
Jan 29, 2026 14:30:02.831 [126633085677312] DEBUG - [MI] Importing 4 media chapters.
Jan 29, 2026 14:30:02.831 [126633085677312] DEBUG - [MI] Closing input file: "/tv/Senna (2024)/Season 1/Senna - S01E03 - Ambition - WEBDL-1080p.mkv"
Jan 29, 2026 14:30:02.832 [126633085677312] DEBUG - Committing media stream changes for part 218
Jan 29, 2026 14:30:02.834 [126633085677312] DEBUG - Updating media item 218, size=3145515789, metadata_item_id=151
Jan 29, 2026 14:30:02.834 [126633085677312] DEBUG - Updating part with ID=218 [/tv/Senna (2024)/Season 1/Senna - S01E03 - Ambition - WEBDL-1080p.mkv]
Jan 29, 2026 14:30:02.835 [126633066138368] DEBUG - [HCl#d] HTTP requesting GET http://127.0.0.1:32400/:/metadata/notify/changeItemState?librarySectionID=2&metadataItemID=151&metadataType=4&state=-1&parentID=-1&rootID=-1&mediaState=analyzing
Jan 29, 2026 14:30:02.835 [126633065990912] DEBUG - [HttpClient/HCl#d] HTTP/1.1 (0.0s) 200 response from GET http://127.0.0.1:32400/:/metadata/notify/changeItemState?librarySectionID=2&metadataItemID=151&metadataType=4&state=-1&parentID=-1&rootID=-1&mediaState=analyzing (reused)
Jan 29, 2026 14:30:02.835 [126633066138368] DEBUG - [HCl#e] HTTP requesting GET http://127.0.0.1:32400/:/metadata/notify/changeItemState?librarySectionID=2&metadataItemID=151&metadataType=4&state=-1&parentID=-1&rootID=-1&mediaState=idle
Jan 29, 2026 14:30:02.836 [126633065990912] DEBUG - [HttpClient/HCl#e] HTTP/1.1 (0.0s) 200 response from GET http://127.0.0.1:32400/:/metadata/notify/changeItemState?librarySectionID=2&metadataItemID=151&metadataType=4&state=-1&parentID=-1&rootID=-1&mediaState=idle (reused)
Jan 29, 2026 14:30:02.839 [126633085677312] DEBUG - Downloading document http://127.0.0.1:32400/library/changestamp
Jan 29, 2026 14:30:02.839 [126633085677312] DEBUG - [HCl#f] HTTP requesting GET http://127.0.0.1:32400/library/changestamp
Jan 29, 2026 14:30:02.839 [126633065990912] DEBUG - [HttpClient/HCl#f] HTTP/1.1 (0.0s) 200 response from GET http://127.0.0.1:32400/library/changestamp (reused)
Jan 29, 2026 14:30:02.840 [126633085677312] DEBUG - Updating metadata item (save) (Ambition) with ID 151
Jan 29, 2026 14:30:02.840 [126633066138368] DEBUG - [HCl#10] HTTP requesting GET http://127.0.0.1:32400/:/metadata/flushMetadataCounterCache?metadataItemID=147
Jan 29, 2026 14:30:02.841 [126633065990912] DEBUG - [HttpClient/HCl#10] HTTP/1.1 (0.0s) 200 response from GET http://127.0.0.1:32400/:/metadata/flushMetadataCounterCache?metadataItemID=147 (reused)
Jan 29, 2026 14:30:02.841 [126633085677312] DEBUG - Doing expensive tags write for 'Ambition' because something changed.
Jan 29, 2026 14:30:02.841 [126633085677312] DEBUG - Downloading document http://127.0.0.1:32400/library/changestamp
Jan 29, 2026 14:30:02.841 [126633085677312] DEBUG - [HCl#11] HTTP requesting GET http://127.0.0.1:32400/library/changestamp
Jan 29, 2026 14:30:02.842 [126633065990912] DEBUG - [HttpClient/HCl#11] HTTP/1.1 (0.0s) 200 response from GET http://127.0.0.1:32400/library/changestamp (reused)
Jan 29, 2026 14:30:02.842 [126633085677312] DEBUG - Updating metadata item (save) (Ambition) with ID 151
Jan 29, 2026 14:30:02.843 [126633066138368] DEBUG - [HCl#12] HTTP requesting GET http://127.0.0.1:32400/:/metadata/flushMetadataCounterCache?metadataItemID=147
Jan 29, 2026 14:30:02.843 [126633065990912] DEBUG - [HttpClient/HCl#12] HTTP/1.1 (0.0s) 200 response from GET http://127.0.0.1:32400/:/metadata/flushMetadataCounterCache?metadataItemID=147 (reused)
Jan 29, 2026 14:30:02.844 [126633085677312] DEBUG - Analyzing media parts for item 152 (Passion): 219
Jan 29, 2026 14:30:02.845 [126633085677312] DEBUG - [ID 219] Media part analysis: /tv/Senna (2024)/Season 1/Senna - S01E04 - Passion - WEBDL-1080p.mkv
Jan 29, 2026 14:30:02.845 [126633085677312] DEBUG - [MI] Opening input file: "/tv/Senna (2024)/Season 1/Senna - S01E04 - Passion - WEBDL-1080p.mkv"
Jan 29, 2026 14:30:02.845 [126633085677312] DEBUG - [FFMPEG] - Opening '/tv/Senna (2024)/Season 1/Senna - S01E04 - Passion - WEBDL-1080p.mkv' for reading
Jan 29, 2026 14:30:02.845 [126633085677312] DEBUG - [FFMPEG] - Setting default whitelist 'file,crypto,data'
Jan 29, 2026 14:30:02.845 [126633085677312] DEBUG - [FFMPEG] - Format matroska,webm probed with size=2048 and score=100
Jan 29, 2026 14:30:02.845 [126633085677312] DEBUG - [FFMPEG] - Unknown entry 0x22B59D at pos. 4386
Jan 29, 2026 14:30:02.845 [126633085677312] DEBUG - [FFMPEG] - Unknown entry 0x22B59D at pos. 4465
Jan 29, 2026 14:30:02.845 [126633085677312] DEBUG - [FFMPEG] - Unknown entry 0x22B59D at pos. 4543
Jan 29, 2026 14:30:02.845 [126633085677312] DEBUG - [FFMPEG] - Unknown entry 0x22B59D at pos. 4614
Jan 29, 2026 14:30:02.845 [126633085677312] DEBUG - [FFMPEG] - Unknown entry 0x22B59D at pos. 4697
Jan 29, 2026 14:30:02.845 [126633085677312] DEBUG - [FFMPEG] - Unknown entry 0x22B59D at pos. 4771
Jan 29, 2026 14:30:02.845 [126633085677312] DEBUG - [FFMPEG] - Unknown entry 0x22B59D at pos. 4844
Jan 29, 2026 14:30:02.845 [126633085677312] DEBUG - [FFMPEG] - Unknown entry 0x22B59D at pos. 4896
Jan 29, 2026 14:30:02.845 [126633085677312] DEBUG - [FFMPEG] - Unknown entry 0x22B59D at pos. 4954
Jan 29, 2026 14:30:02.845 [126633085677312] DEBUG - [FFMPEG] - Unknown entry 0x22B59D at pos. 5025
Jan 29, 2026 14:30:02.845 [126633085677312] DEBUG - [FFMPEG] - Unknown entry 0x22B59D at pos. 5084
Jan 29, 2026 14:30:02.846 [126633085677312] DEBUG - [FFMPEG] - Unknown entry 0x22B59D at pos. 5143
Jan 29, 2026 14:30:02.846 [126633085677312] DEBUG - [FFMPEG] - Unknown entry 0x22B59D at pos. 5202
Jan 29, 2026 14:30:02.846 [126633085677312] DEBUG - [FFMPEG] - Unknown entry 0x22B59D at pos. 5261
Jan 29, 2026 14:30:02.846 [126633085677312] DEBUG - [FFMPEG] - Unknown entry 0x22B59D at pos. 5320
Jan 29, 2026 14:30:02.846 [126633085677312] DEBUG - [FFMPEG] - Unknown entry 0x22B59D at pos. 5379
Jan 29, 2026 14:30:02.846 [126633085677312] DEBUG - [FFMPEG] - Unknown entry 0x22B59D at pos. 5459
Jan 29, 2026 14:30:02.846 [126633085677312] DEBUG - [FFMPEG] - Unknown entry 0x22B59D at pos. 5521
Jan 29, 2026 14:30:02.846 [126633085677312] DEBUG - [FFMPEG] - Unknown entry 0x22B59D at pos. 5580
Jan 29, 2026 14:30:02.846 [126633085677312] DEBUG - [FFMPEG] - Unknown entry 0x22B59D at pos. 5639
Jan 29, 2026 14:30:02.846 [126633085677312] DEBUG - [FFMPEG] - Unknown entry 0x22B59D at pos. 5699
Jan 29, 2026 14:30:02.846 [126633085677312] DEBUG - [FFMPEG] - Unknown entry 0x22B59D at pos. 5758
Jan 29, 2026 14:30:02.846 [126633085677312] DEBUG - [FFMPEG] - Unknown entry 0x22B59D at pos. 5817
Jan 29, 2026 14:30:02.846 [126633085677312] DEBUG - [FFMPEG] - Unknown entry 0x22B59D at pos. 5876
Jan 29, 2026 14:30:02.846 [126633085677312] DEBUG - [FFMPEG] - Unknown entry 0x22B59D at pos. 5935
Jan 29, 2026 14:30:02.846 [126633085677312] DEBUG - [FFMPEG] - Unknown entry 0x22B59D at pos. 5994
Jan 29, 2026 14:30:02.846 [126633085677312] DEBUG - [FFMPEG] - Unknown entry 0x22B59D at pos. 6053
Jan 29, 2026 14:30:02.846 [126633085677312] DEBUG - [FFMPEG] - Unknown entry 0x22B59D at pos. 6112
Jan 29, 2026 14:30:02.846 [126633085677312] DEBUG - [FFMPEG] - Unknown entry 0x22B59D at pos. 6171
Jan 29, 2026 14:30:02.846 [126633085677312] DEBUG - [FFMPEG] - Unknown entry 0x22B59D at pos. 6230
Jan 29, 2026 14:30:02.846 [126633085677312] DEBUG - [FFMPEG] - Unknown entry 0x22B59D at pos. 6289
Jan 29, 2026 14:30:02.846 [126633085677312] DEBUG - [FFMPEG] - Unknown entry 0x22B59D at pos. 6348
Jan 29, 2026 14:30:02.846 [126633085677312] DEBUG - [FFMPEG] - Unknown entry 0x22B59D at pos. 6407
Jan 29, 2026 14:30:02.846 [126633085677312] DEBUG - [FFMPEG] - Unknown entry 0x22B59D at pos. 6466
Jan 29, 2026 14:30:02.846 [126633085677312] DEBUG - [FFMPEG] - Unknown entry 0x22B59D at pos. 6525
Jan 29, 2026 14:30:02.846 [126633085677312] DEBUG - [FFMPEG] - Unknown entry 0x22B59D at pos. 6584
Jan 29, 2026 14:30:02.846 [126633085677312] DEBUG - [FFMPEG] - Unknown entry 0x22B59D at pos. 6643
Jan 29, 2026 14:30:02.846 [126633085677312] DEBUG - [FFMPEG] - Unknown entry 0x22B59D at pos. 6702
Jan 29, 2026 14:30:02.846 [126633085677312] DEBUG - [FFMPEG] - Unknown entry 0x22B59D at pos. 6761
Jan 29, 2026 14:30:02.846 [126633085677312] DEBUG - [FFMPEG] - Unknown entry 0x22B59D at pos. 6820
Jan 29, 2026 14:30:02.846 [126633085677312] DEBUG - [FFMPEG] - Unknown entry 0x22B59D at pos. 6879
Jan 29, 2026 14:30:02.846 [126633085677312] DEBUG - [FFMPEG] - Unknown entry 0x22B59D at pos. 6956
Jan 29, 2026 14:30:02.846 [126633085677312] DEBUG - [FFMPEG] - Unknown entry 0x437D at pos. 8968
Jan 29, 2026 14:30:02.846 [126633085677312] DEBUG - [FFMPEG] - Unknown entry 0x437D at pos. 9015
Jan 29, 2026 14:30:02.846 [126633085677312] DEBUG - [FFMPEG] - Unknown entry 0x437D at pos. 9064
Jan 29, 2026 14:30:02.846 [126633085677312] DEBUG - [FFMPEG] - Unknown entry 0x437D at pos. 9114
Jan 29, 2026 14:30:02.846 [126633085677312] DEBUG - [FFMPEG] - st:0 removing common factor 1000000 from timebase
Jan 29, 2026 14:30:02.846 [126633085677312] DEBUG - [FFMPEG] - st:1 removing common factor 1000000 from timebase
Jan 29, 2026 14:30:02.846 [126633085677312] DEBUG - [FFMPEG] - st:2 removing common factor 1000000 from timebase
Jan 29, 2026 14:30:02.846 [126633085677312] DEBUG - [FFMPEG] - st:3 removing common factor 1000000 from timebase
Jan 29, 2026 14:30:02.846 [126633085677312] DEBUG - [FFMPEG] - st:4 removing common factor 1000000 from timebase
Jan 29, 2026 14:30:02.846 [126633085677312] DEBUG - [FFMPEG] - st:5 removing common factor 1000000 from timebase
Jan 29, 2026 14:30:02.846 [126633085677312] DEBUG - [FFMPEG] - st:6 removing common factor 1000000 from timebase
Jan 29, 2026 14:30:02.846 [126633085677312] DEBUG - [FFMPEG] - st:7 removing common factor 1000000 from timebase
Jan 29, 2026 14:30:02.846 [126633085677312] DEBUG - [FFMPEG] - st:8 removing common factor 1000000 from timebase
Jan 29, 2026 14:30:02.846 [126633085677312] DEBUG - [FFMPEG] - st:9 removing common factor 1000000 from timebase
Jan 29, 2026 14:30:02.846 [126633085677312] DEBUG - [FFMPEG] - st:10 removing common factor 1000000 from timebase
Jan 29, 2026 14:30:02.846 [126633085677312] DEBUG - [FFMPEG] - st:11 removing common factor 1000000 from timebase
Jan 29, 2026 14:30:02.846 [126633085677312] DEBUG - [FFMPEG] - st:12 removing common factor 1000000 from timebase
Jan 29, 2026 14:30:02.846 [126633085677312] DEBUG - [FFMPEG] - st:13 removing common factor 1000000 from timebase
Jan 29, 2026 14:30:02.846 [126633085677312] DEBUG - [FFMPEG] - st:14 removing common factor 1000000 from timebase
Jan 29, 2026 14:30:02.846 [126633085677312] DEBUG - [FFMPEG] - st:15 removing common factor 1000000 from timebase
Jan 29, 2026 14:30:02.846 [126633085677312] DEBUG - [FFMPEG] - st:16 removing common factor 1000000 from timebase
Jan 29, 2026 14:30:02.846 [126633085677312] DEBUG - [FFMPEG] - st:17 removing common factor 1000000 from timebase
Jan 29, 2026 14:30:02.846 [126633085677312] DEBUG - [FFMPEG] - st:18 removing common factor 1000000 from timebase
Jan 29, 2026 14:30:02.846 [126633085677312] DEBUG - [FFMPEG] - st:19 removing common factor 1000000 from timebase
Jan 29, 2026 14:30:02.846 [126633085677312] DEBUG - [FFMPEG] - st:20 removing common factor 1000000 from timebase
Jan 29, 2026 14:30:02.846 [126633085677312] DEBUG - [FFMPEG] - st:21 removing common factor 1000000 from timebase
Jan 29, 2026 14:30:02.846 [126633085677312] DEBUG - [FFMPEG] - st:22 removing common factor 1000000 from timebase
Jan 29, 2026 14:30:02.846 [126633085677312] DEBUG - [FFMPEG] - st:23 removing common factor 1000000 from timebase
Jan 29, 2026 14:30:02.846 [126633085677312] DEBUG - [FFMPEG] - st:24 removing common factor 1000000 from timebase
Jan 29, 2026 14:30:02.846 [126633085677312] DEBUG - [FFMPEG] - st:25 removing common factor 1000000 from timebase
Jan 29, 2026 14:30:02.846 [126633085677312] DEBUG - [FFMPEG] - st:26 removing common factor 1000000 from timebase
Jan 29, 2026 14:30:02.846 [126633085677312] DEBUG - [FFMPEG] - st:27 removing common factor 1000000 from timebase
Jan 29, 2026 14:30:02.846 [126633085677312] DEBUG - [FFMPEG] - st:28 removing common factor 1000000 from timebase
Jan 29, 2026 14:30:02.846 [126633085677312] DEBUG - [FFMPEG] - st:29 removing common factor 1000000 from timebase
Jan 29, 2026 14:30:02.846 [126633085677312] DEBUG - [FFMPEG] - st:30 removing common factor 1000000 from timebase
Jan 29, 2026 14:30:02.846 [126633085677312] DEBUG - [FFMPEG] - st:31 removing common factor 1000000 from timebase
Jan 29, 2026 14:30:02.846 [126633085677312] DEBUG - [FFMPEG] - st:32 removing common factor 1000000 from timebase
Jan 29, 2026 14:30:02.846 [126633085677312] DEBUG - [FFMPEG] - st:33 removing common factor 1000000 from timebase
Jan 29, 2026 14:30:02.846 [126633085677312] DEBUG - [FFMPEG] - st:34 removing common factor 1000000 from timebase
Jan 29, 2026 14:30:02.846 [126633085677312] DEBUG - [FFMPEG] - st:35 removing common factor 1000000 from timebase
Jan 29, 2026 14:30:02.846 [126633085677312] DEBUG - [FFMPEG] - st:36 removing common factor 1000000 from timebase
Jan 29, 2026 14:30:02.846 [126633085677312] DEBUG - [FFMPEG] - st:37 removing common factor 1000000 from timebase
Jan 29, 2026 14:30:02.846 [126633085677312] DEBUG - [FFMPEG] - st:38 removing common factor 1000000 from timebase
Jan 29, 2026 14:30:02.846 [126633085677312] DEBUG - [FFMPEG] - st:39 removing common factor 1000000 from timebase
Jan 29, 2026 14:30:02.846 [126633085677312] DEBUG - [FFMPEG] - st:40 removing common factor 1000000 from timebase
Jan 29, 2026 14:30:02.846 [126633085677312] DEBUG - [FFMPEG] - st:41 removing common factor 1000000 from timebase
Jan 29, 2026 14:30:02.847 [126633085677312] DEBUG - [FFMPEG] - Before avformat_find_stream_info() pos: 9226 bytes read:43932 seeks:2 nb_streams:42
Jan 29, 2026 14:30:02.847 [126633085677312] DEBUG - [FFMPEG] - nal_unit_type: 7(SPS), nal_ref_idc: 3
Jan 29, 2026 14:30:02.847 [126633085677312] DEBUG - [FFMPEG] - nal_unit_type: 8(PPS), nal_ref_idc: 3
Jan 29, 2026 14:30:02.848 [126633085677312] DEBUG - [FFMPEG] - nal_unit_type: 7(SPS), nal_ref_idc: 3
Jan 29, 2026 14:30:02.848 [126633085677312] DEBUG - [FFMPEG] - nal_unit_type: 8(PPS), nal_ref_idc: 3
Jan 29, 2026 14:30:02.848 [126633085677312] DEBUG - [FFMPEG] - nal_unit_type: 6(SEI), nal_ref_idc: 0
Jan 29, 2026 14:30:02.848 [126633085677312] DEBUG - [FFMPEG] - nal_unit_type: 6(SEI), nal_ref_idc: 0
Jan 29, 2026 14:30:02.848 [126633085677312] DEBUG - [FFMPEG] - nal_unit_type: 6(SEI), nal_ref_idc: 0
Jan 29, 2026 14:30:02.848 [126633085677312] DEBUG - [FFMPEG] - nal_unit_type: 5(IDR), nal_ref_idc: 3
Jan 29, 2026 14:30:02.848 [126633085677312] DEBUG - [FFMPEG] - Format yuv420p chosen by get_format().
Jan 29, 2026 14:30:02.851 [126633085677312] DEBUG - [FFMPEG] - no picture 
Jan 29, 2026 14:30:02.853 [126633085677312] DEBUG - [FFMPEG] - nal_unit_type: 6(SEI), nal_ref_idc: 0
Jan 29, 2026 14:30:02.853 [126633085677312] DEBUG - [FFMPEG] - nal_unit_type: 1(Coded slice of a non-IDR picture), nal_ref_idc: 2
Jan 29, 2026 14:30:02.857 [126633085677312] DEBUG - [FFMPEG] - nal_unit_type: 6(SEI), nal_ref_idc: 0
Jan 29, 2026 14:30:02.857 [126633085677312] DEBUG - [FFMPEG] - nal_unit_type: 1(Coded slice of a non-IDR picture), nal_ref_idc: 0
Jan 29, 2026 14:30:02.861 [126633085677312] DEBUG - [FFMPEG] - nal_unit_type: 6(SEI), nal_ref_idc: 0
Jan 29, 2026 14:30:02.861 [126633085677312] DEBUG - [FFMPEG] - nal_unit_type: 1(Coded slice of a non-IDR picture), nal_ref_idc: 0
Jan 29, 2026 14:30:02.866 [126633085677312] DEBUG - [FFMPEG] - nal_unit_type: 6(SEI), nal_ref_idc: 0
Jan 29, 2026 14:30:02.866 [126633085677312] DEBUG - [FFMPEG] - nal_unit_type: 1(Coded slice of a non-IDR picture), nal_ref_idc: 2
Jan 29, 2026 14:30:02.868 [126633085677312] DEBUG - [FFMPEG] - nal_unit_type: 6(SEI), nal_ref_idc: 0
Jan 29, 2026 14:30:02.868 [126633085677312] DEBUG - [FFMPEG] - nal_unit_type: 1(Coded slice of a non-IDR picture), nal_ref_idc: 0
Jan 29, 2026 14:30:02.870 [126633085677312] DEBUG - [FFMPEG] - nal_unit_type: 6(SEI), nal_ref_idc: 0
Jan 29, 2026 14:30:02.870 [126633085677312] DEBUG - [FFMPEG] - nal_unit_type: 1(Coded slice of a non-IDR picture), nal_ref_idc: 0
Jan 29, 2026 14:30:02.875 [126633085677312] DEBUG - [FFMPEG] - nal_unit_type: 6(SEI), nal_ref_idc: 0
Jan 29, 2026 14:30:02.875 [126633085677312] DEBUG - [FFMPEG] - nal_unit_type: 1(Coded slice of a non-IDR picture), nal_ref_idc: 2
Jan 29, 2026 14:30:02.877 [126633085677312] DEBUG - [FFMPEG] - All info found
Jan 29, 2026 14:30:02.879 [126633085677312] DEBUG - [FFMPEG] - After avformat_find_stream_info() pos: 109535 bytes read:175004 seeks:2 frames:39
Jan 29, 2026 14:30:02.879 [126633085677312] DEBUG - [MI]  * 9d2a09bf3581545ff007cd9dfdcab41f87efcc36 [mkv h264/eac3] Duration: 3191584ms, 1920x1080 (1.777778) 24.000fps, bitrate=5640kbps, audio channels=6, optimizedForStreaming=0 ("/tv/Senna (2024)/Season 1/Senna - S01E04 - Passion - WEBDL-1080p.mkv")
Jan 29, 2026 14:30:02.879 [126633085677312] DEBUG - [MI] Importing 4 media chapters.
Jan 29, 2026 14:30:02.879 [126633085677312] DEBUG - [MI] Closing input file: "/tv/Senna (2024)/Season 1/Senna - S01E04 - Passion - WEBDL-1080p.mkv"
Jan 29, 2026 14:30:02.880 [126633085677312] DEBUG - Committing media stream changes for part 219
Jan 29, 2026 14:30:02.882 [126633085677312] DEBUG - Updating media item 219, size=2250463772, metadata_item_id=152
Jan 29, 2026 14:30:02.882 [126633085677312] DEBUG - Updating part with ID=219 [/tv/Senna (2024)/Season 1/Senna - S01E04 - Passion - WEBDL-1080p.mkv]
Jan 29, 2026 14:30:02.883 [126633066138368] DEBUG - [HCl#13] HTTP requesting GET http://127.0.0.1:32400/:/metadata/notify/changeItemState?librarySectionID=2&metadataItemID=152&metadataType=4&state=-1&parentID=-1&rootID=-1&mediaState=analyzing
Jan 29, 2026 14:30:02.883 [126633065990912] DEBUG - [HttpClient/HCl#13] HTTP/1.1 (0.0s) 200 response from GET http://127.0.0.1:32400/:/metadata/notify/changeItemState?librarySectionID=2&metadataItemID=152&metadataType=4&state=-1&parentID=-1&rootID=-1&mediaState=analyzing (reused)
Jan 29, 2026 14:30:02.883 [126633066138368] DEBUG - [HCl#14] HTTP requesting GET http://127.0.0.1:32400/:/metadata/notify/changeItemState?librarySectionID=2&metadataItemID=152&metadataType=4&state=-1&parentID=-1&rootID=-1&mediaState=idle
Jan 29, 2026 14:30:02.884 [126633065990912] DEBUG - [HttpClient/HCl#14] HTTP/1.1 (0.0s) 200 response from GET http://127.0.0.1:32400/:/metadata/notify/changeItemState?librarySectionID=2&metadataItemID=152&metadataType=4&state=-1&parentID=-1&rootID=-1&mediaState=idle (reused)
Jan 29, 2026 14:30:02.887 [126633085677312] DEBUG - Downloading document http://127.0.0.1:32400/library/changestamp
Jan 29, 2026 14:30:02.887 [126633085677312] DEBUG - [HCl#15] HTTP requesting GET http://127.0.0.1:32400/library/changestamp
Jan 29, 2026 14:30:02.887 [126633065990912] DEBUG - [HttpClient/HCl#15] HTTP/1.1 (0.0s) 200 response from GET http://127.0.0.1:32400/library/changestamp (reused)
Jan 29, 2026 14:30:02.887 [126633085677312] DEBUG - Updating metadata item (save) (Passion) with ID 152
Jan 29, 2026 14:30:02.888 [126633066138368] DEBUG - [HCl#16] HTTP requesting GET http://127.0.0.1:32400/:/metadata/flushMetadataCounterCache?metadataItemID=147
Jan 29, 2026 14:30:02.889 [126633065990912] DEBUG - [HttpClient/HCl#16] HTTP/1.1 (0.0s) 200 response from GET http://127.0.0.1:32400/:/metadata/flushMetadataCounterCache?metadataItemID=147 (reused)
Jan 29, 2026 14:30:02.889 [126633085677312] DEBUG - Doing expensive tags write for 'Passion' because something changed.
Jan 29, 2026 14:30:02.889 [126633085677312] DEBUG - Downloading document http://127.0.0.1:32400/library/changestamp
Jan 29, 2026 14:30:02.889 [126633085677312] DEBUG - [HCl#17] HTTP requesting GET http://127.0.0.1:32400/library/changestamp
Jan 29, 2026 14:30:02.890 [126633065990912] DEBUG - [HttpClient/HCl#17] HTTP/1.1 (0.0s) 200 response from GET http://127.0.0.1:32400/library/changestamp (reused)
Jan 29, 2026 14:30:02.890 [126633085677312] DEBUG - Updating metadata item (save) (Passion) with ID 152
Jan 29, 2026 14:30:02.891 [126633066138368] DEBUG - [HCl#18] HTTP requesting GET http://127.0.0.1:32400/:/metadata/flushMetadataCounterCache?metadataItemID=147
Jan 29, 2026 14:30:02.891 [126633065990912] DEBUG - [HttpClient/HCl#18] HTTP/1.1 (0.0s) 200 response from GET http://127.0.0.1:32400/:/metadata/flushMetadataCounterCache?metadataItemID=147 (reused)
Jan 29, 2026 14:30:02.892 [126633085677312] DEBUG - Analyzing media parts for item 153 (Hero): 220
Jan 29, 2026 14:30:02.893 [126633085677312] DEBUG - [ID 220] Media part analysis: /tv/Senna (2024)/Season 1/Senna - S01E05 - Hero - WEBDL-1080p.mkv
Jan 29, 2026 14:30:02.893 [126633085677312] DEBUG - [MI] Opening input file: "/tv/Senna (2024)/Season 1/Senna - S01E05 - Hero - WEBDL-1080p.mkv"
Jan 29, 2026 14:30:02.893 [126633085677312] DEBUG - [FFMPEG] - Opening '/tv/Senna (2024)/Season 1/Senna - S01E05 - Hero - WEBDL-1080p.mkv' for reading
Jan 29, 2026 14:30:02.893 [126633085677312] DEBUG - [FFMPEG] - Setting default whitelist 'file,crypto,data'
Jan 29, 2026 14:30:02.893 [126633085677312] DEBUG - [FFMPEG] - Format matroska,webm probed with size=2048 and score=100
Jan 29, 2026 14:30:02.893 [126633085677312] DEBUG - [FFMPEG] - Unknown entry 0x22B59D at pos. 4386
Jan 29, 2026 14:30:02.893 [126633085677312] DEBUG - [FFMPEG] - Unknown entry 0x22B59D at pos. 4465
Jan 29, 2026 14:30:02.893 [126633085677312] DEBUG - [FFMPEG] - Unknown entry 0x22B59D at pos. 4543
Jan 29, 2026 14:30:02.893 [126633085677312] DEBUG - [FFMPEG] - Unknown entry 0x22B59D at pos. 4614
Jan 29, 2026 14:30:02.893 [126633085677312] DEBUG - [FFMPEG] - Unknown entry 0x22B59D at pos. 4697
Jan 29, 2026 14:30:02.893 [126633085677312] DEBUG - [FFMPEG] - Unknown entry 0x22B59D at pos. 4771
Jan 29, 2026 14:30:02.893 [126633085677312] DEBUG - [FFMPEG] - Unknown entry 0x22B59D at pos. 4844
Jan 29, 2026 14:30:02.893 [126633085677312] DEBUG - [FFMPEG] - Unknown entry 0x22B59D at pos. 4896
Jan 29, 2026 14:30:02.893 [126633085677312] DEBUG - [FFMPEG] - Unknown entry 0x22B59D at pos. 4954
Jan 29, 2026 14:30:02.893 [126633085677312] DEBUG - [FFMPEG] - Unknown entry 0x22B59D at pos. 5025
Jan 29, 2026 14:30:02.893 [126633085677312] DEBUG - [FFMPEG] - Unknown entry 0x22B59D at pos. 5084
Jan 29, 2026 14:30:02.893 [126633085677312] DEBUG - [FFMPEG] - Unknown entry 0x22B59D at pos. 5143
Jan 29, 2026 14:30:02.894 [126633085677312] DEBUG - [FFMPEG] - Unknown entry 0x22B59D at pos. 5202
Jan 29, 2026 14:30:02.894 [126633085677312] DEBUG - [FFMPEG] - Unknown entry 0x22B59D at pos. 5261
Jan 29, 2026 14:30:02.894 [126633085677312] DEBUG - [FFMPEG] - Unknown entry 0x22B59D at pos. 5320
Jan 29, 2026 14:30:02.894 [126633085677312] DEBUG - [FFMPEG] - Unknown entry 0x22B59D at pos. 5379
Jan 29, 2026 14:30:02.894 [126633085677312] DEBUG - [FFMPEG] - Unknown entry 0x22B59D at pos. 5459
Jan 29, 2026 14:30:02.894 [126633085677312] DEBUG - [FFMPEG] - Unknown entry 0x22B59D at pos. 5521
Jan 29, 2026 14:30:02.894 [126633085677312] DEBUG - [FFMPEG] - Unknown entry 0x22B59D at pos. 5580
Jan 29, 2026 14:30:02.894 [126633085677312] DEBUG - [FFMPEG] - Unknown entry 0x22B59D at pos. 5639
Jan 29, 2026 14:30:02.894 [126633085677312] DEBUG - [FFMPEG] - Unknown entry 0x22B59D at pos. 5699
Jan 29, 2026 14:30:02.894 [126633085677312] DEBUG - [FFMPEG] - Unknown entry 0x22B59D at pos. 5758
Jan 29, 2026 14:30:02.894 [126633085677312] DEBUG - [FFMPEG] - Unknown entry 0x22B59D at pos. 5817
Jan 29, 2026 14:30:02.894 [126633085677312] DEBUG - [FFMPEG] - Unknown entry 0x22B59D at pos. 5876
Jan 29, 2026 14:30:02.894 [126633085677312] DEBUG - [FFMPEG] - Unknown entry 0x22B59D at pos. 5935
Jan 29, 2026 14:30:02.894 [126633085677312] DEBUG - [FFMPEG] - Unknown entry 0x22B59D at pos. 5994
Jan 29, 2026 14:30:02.894 [126633085677312] DEBUG - [FFMPEG] - Unknown entry 0x22B59D at pos. 6053
Jan 29, 2026 14:30:02.894 [126633085677312] DEBUG - [FFMPEG] - Unknown entry 0x22B59D at pos. 6112
Jan 29, 2026 14:30:02.894 [126633085677312] DEBUG - [FFMPEG] - Unknown entry 0x22B59D at pos. 6171
Jan 29, 2026 14:30:02.894 [126633085677312] DEBUG - [FFMPEG] - Unknown entry 0x22B59D at pos. 6230
Jan 29, 2026 14:30:02.894 [126633085677312] DEBUG - [FFMPEG] - Unknown entry 0x22B59D at pos. 6289
Jan 29, 2026 14:30:02.894 [126633085677312] DEBUG - [FFMPEG] - Unknown entry 0x22B59D at pos. 6348
Jan 29, 2026 14:30:02.894 [126633085677312] DEBUG - [FFMPEG] - Unknown entry 0x22B59D at pos. 6407
Jan 29, 2026 14:30:02.894 [126633085677312] DEBUG - [FFMPEG] - Unknown entry 0x22B59D at pos. 6466
Jan 29, 2026 14:30:02.894 [126633085677312] DEBUG - [FFMPEG] - Unknown entry 0x22B59D at pos. 6525
Jan 29, 2026 14:30:02.894 [126633085677312] DEBUG - [FFMPEG] - Unknown entry 0x22B59D at pos. 6584
Jan 29, 2026 14:30:02.894 [126633085677312] DEBUG - [FFMPEG] - Unknown entry 0x22B59D at pos. 6643
Jan 29, 2026 14:30:02.894 [126633085677312] DEBUG - [FFMPEG] - Unknown entry 0x22B59D at pos. 6702
Jan 29, 2026 14:30:02.894 [126633085677312] DEBUG - [FFMPEG] - Unknown entry 0x22B59D at pos. 6761
Jan 29, 2026 14:30:02.894 [126633085677312] DEBUG - [FFMPEG] - Unknown entry 0x22B59D at pos. 6820
Jan 29, 2026 14:30:02.894 [126633085677312] DEBUG - [FFMPEG] - Unknown entry 0x22B59D at pos. 6879
Jan 29, 2026 14:30:02.894 [126633085677312] DEBUG - [FFMPEG] - Unknown entry 0x22B59D at pos. 6956
Jan 29, 2026 14:30:02.894 [126633085677312] DEBUG - [FFMPEG] - Unknown entry 0x437D at pos. 8968
Jan 29, 2026 14:30:02.894 [126633085677312] DEBUG - [FFMPEG] - Unknown entry 0x437D at pos. 9015
Jan 29, 2026 14:30:02.894 [126633085677312] DEBUG - [FFMPEG] - Unknown entry 0x437D at pos. 9064
Jan 29, 2026 14:30:02.894 [126633085677312] DEBUG - [FFMPEG] - Unknown entry 0x437D at pos. 9114
Jan 29, 2026 14:30:02.894 [126633085677312] DEBUG - [FFMPEG] - st:0 removing common factor 1000000 from timebase
Jan 29, 2026 14:30:02.894 [126633085677312] DEBUG - [FFMPEG] - st:1 removing common factor 1000000 from timebase
Jan 29, 2026 14:30:02.894 [126633085677312] DEBUG - [FFMPEG] - st:2 removing common factor 1000000 from timebase
Jan 29, 2026 14:30:02.894 [126633085677312] DEBUG - [FFMPEG] - st:3 removing common factor 1000000 from timebase
Jan 29, 2026 14:30:02.894 [126633085677312] DEBUG - [FFMPEG] - st:4 removing common factor 1000000 from timebase
Jan 29, 2026 14:30:02.894 [126633085677312] DEBUG - [FFMPEG] - st:5 removing common factor 1000000 from timebase
Jan 29, 2026 14:30:02.894 [126633085677312] DEBUG - [FFMPEG] - st:6 removing common factor 1000000 from timebase
Jan 29, 2026 14:30:02.894 [126633085677312] DEBUG - [FFMPEG] - st:7 removing common factor 1000000 from timebase
Jan 29, 2026 14:30:02.894 [126633085677312] DEBUG - [FFMPEG] - st:8 removing common factor 1000000 from timebase
Jan 29, 2026 14:30:02.894 [126633085677312] DEBUG - [FFMPEG] - st:9 removing common factor 1000000 from timebase
Jan 29, 2026 14:30:02.894 [126633085677312] DEBUG - [FFMPEG] - st:10 removing common factor 1000000 from timebase
Jan 29, 2026 14:30:02.894 [126633085677312] DEBUG - [FFMPEG] - st:11 removing common factor 1000000 from timebase
Jan 29, 2026 14:30:02.894 [126633085677312] DEBUG - [FFMPEG] - st:12 removing common factor 1000000 from timebase
Jan 29, 2026 14:30:02.894 [126633085677312] DEBUG - [FFMPEG] - st:13 removing common factor 1000000 from timebase
Jan 29, 2026 14:30:02.894 [126633085677312] DEBUG - [FFMPEG] - st:14 removing common factor 1000000 from timebase
Jan 29, 2026 14:30:02.894 [126633085677312] DEBUG - [FFMPEG] - st:15 removing common factor 1000000 from timebase
Jan 29, 2026 14:30:02.894 [126633085677312] DEBUG - [FFMPEG] - st:16 removing common factor 1000000 from timebase
Jan 29, 2026 14:30:02.894 [126633085677312] DEBUG - [FFMPEG] - st:17 removing common factor 1000000 from timebase
Jan 29, 2026 14:30:02.894 [126633085677312] DEBUG - [FFMPEG] - st:18 removing common factor 1000000 from timebase
Jan 29, 2026 14:30:02.894 [126633085677312] DEBUG - [FFMPEG] - st:19 removing common factor 1000000 from timebase
Jan 29, 2026 14:30:02.894 [126633085677312] DEBUG - [FFMPEG] - st:20 removing common factor 1000000 from timebase
Jan 29, 2026 14:30:02.894 [126633085677312] DEBUG - [FFMPEG] - st:21 removing common factor 1000000 from timebase
Jan 29, 2026 14:30:02.894 [126633085677312] DEBUG - [FFMPEG] - st:22 removing common factor 1000000 from timebase
Jan 29, 2026 14:30:02.894 [126633085677312] DEBUG - [FFMPEG] - st:23 removing common factor 1000000 from timebase
Jan 29, 2026 14:30:02.894 [126633085677312] DEBUG - [FFMPEG] - st:24 removing common factor 1000000 from timebase
Jan 29, 2026 14:30:02.894 [126633085677312] DEBUG - [FFMPEG] - st:25 removing common factor 1000000 from timebase
Jan 29, 2026 14:30:02.894 [126633085677312] DEBUG - [FFMPEG] - st:26 removing common factor 1000000 from timebase
Jan 29, 2026 14:30:02.894 [126633085677312] DEBUG - [FFMPEG] - st:27 removing common factor 1000000 from timebase
Jan 29, 2026 14:30:02.894 [126633085677312] DEBUG - [FFMPEG] - st:28 removing common factor 1000000 from timebase
Jan 29, 2026 14:30:02.894 [126633085677312] DEBUG - [FFMPEG] - st:29 removing common factor 1000000 from timebase
Jan 29, 2026 14:30:02.894 [126633085677312] DEBUG - [FFMPEG] - st:30 removing common factor 1000000 from timebase
Jan 29, 2026 14:30:02.894 [126633085677312] DEBUG - [FFMPEG] - st:31 removing common factor 1000000 from timebase
Jan 29, 2026 14:30:02.894 [126633085677312] DEBUG - [FFMPEG] - st:32 removing common factor 1000000 from timebase
Jan 29, 2026 14:30:02.894 [126633085677312] DEBUG - [FFMPEG] - st:33 removing common factor 1000000 from timebase
Jan 29, 2026 14:30:02.894 [126633085677312] DEBUG - [FFMPEG] - st:34 removing common factor 1000000 from timebase
Jan 29, 2026 14:30:02.894 [126633085677312] DEBUG - [FFMPEG] - st:35 removing common factor 1000000 from timebase
Jan 29, 2026 14:30:02.894 [126633085677312] DEBUG - [FFMPEG] - st:36 removing common factor 1000000 from timebase
Jan 29, 2026 14:30:02.894 [126633085677312] DEBUG - [FFMPEG] - st:37 removing common factor 1000000 from timebase
Jan 29, 2026 14:30:02.894 [126633085677312] DEBUG - [FFMPEG] - st:38 removing common factor 1000000 from timebase
Jan 29, 2026 14:30:02.894 [126633085677312] DEBUG - [FFMPEG] - st:39 removing common factor 1000000 from timebase
Jan 29, 2026 14:30:02.894 [126633085677312] DEBUG - [FFMPEG] - st:40 removing common factor 1000000 from timebase
Jan 29, 2026 14:30:02.894 [126633085677312] DEBUG - [FFMPEG] - st:41 removing common factor 1000000 from timebase
Jan 29, 2026 14:30:02.895 [126633085677312] DEBUG - [FFMPEG] - Before avformat_find_stream_info() pos: 9226 bytes read:43936 seeks:2 nb_streams:42
Jan 29, 2026 14:30:02.895 [126633085677312] DEBUG - [FFMPEG] - nal_unit_type: 7(SPS), nal_ref_idc: 3
Jan 29, 2026 14:30:02.895 [126633085677312] DEBUG - [FFMPEG] - nal_unit_type: 8(PPS), nal_ref_idc: 3
Jan 29, 2026 14:30:02.896 [126633085677312] DEBUG - [FFMPEG] - nal_unit_type: 7(SPS), nal_ref_idc: 3
Jan 29, 2026 14:30:02.896 [126633085677312] DEBUG - [FFMPEG] - nal_unit_type: 8(PPS), nal_ref_idc: 3
Jan 29, 2026 14:30:02.896 [126633085677312] DEBUG - [FFMPEG] - nal_unit_type: 6(SEI), nal_ref_idc: 0
Jan 29, 2026 14:30:02.896 [126633085677312] DEBUG - [FFMPEG] - nal_unit_type: 6(SEI), nal_ref_idc: 0
Jan 29, 2026 14:30:02.896 [126633085677312] DEBUG - [FFMPEG] - nal_unit_type: 6(SEI), nal_ref_idc: 0
Jan 29, 2026 14:30:02.896 [126633085677312] DEBUG - [FFMPEG] - nal_unit_type: 5(IDR), nal_ref_idc: 3
Jan 29, 2026 14:30:02.896 [126633085677312] DEBUG - [FFMPEG] - Format yuv420p chosen by get_format().
Jan 29, 2026 14:30:02.899 [126633085677312] DEBUG - [FFMPEG] - no picture 
Jan 29, 2026 14:30:02.901 [126633085677312] DEBUG - [FFMPEG] - nal_unit_type: 6(SEI), nal_ref_idc: 0
Jan 29, 2026 14:30:02.901 [126633085677312] DEBUG - [FFMPEG] - nal_unit_type: 1(Coded slice of a non-IDR picture), nal_ref_idc: 2
Jan 29, 2026 14:30:02.904 [126633085677312] DEBUG - [FFMPEG] - nal_unit_type: 6(SEI), nal_ref_idc: 0
Jan 29, 2026 14:30:02.904 [126633085677312] DEBUG - [FFMPEG] - nal_unit_type: 1(Coded slice of a non-IDR picture), nal_ref_idc: 0
Jan 29, 2026 14:30:02.909 [126633085677312] DEBUG - [FFMPEG] - nal_unit_type: 6(SEI), nal_ref_idc: 0
Jan 29, 2026 14:30:02.909 [126633085677312] DEBUG - [FFMPEG] - nal_unit_type: 1(Coded slice of a non-IDR picture), nal_ref_idc: 0
Jan 29, 2026 14:30:02.914 [126633085677312] DEBUG - [FFMPEG] - nal_unit_type: 6(SEI), nal_ref_idc: 0
Jan 29, 2026 14:30:02.914 [126633085677312] DEBUG - [FFMPEG] - nal_unit_type: 1(Coded slice of a non-IDR picture), nal_ref_idc: 2
Jan 29, 2026 14:30:02.916 [126633085677312] DEBUG - [FFMPEG] - nal_unit_type: 6(SEI), nal_ref_idc: 0
Jan 29, 2026 14:30:02.916 [126633085677312] DEBUG - [FFMPEG] - nal_unit_type: 1(Coded slice of a non-IDR picture), nal_ref_idc: 0
Jan 29, 2026 14:30:02.918 [126633085677312] DEBUG - [FFMPEG] - nal_unit_type: 6(SEI), nal_ref_idc: 0
Jan 29, 2026 14:30:02.918 [126633085677312] DEBUG - [FFMPEG] - nal_unit_type: 1(Coded slice of a non-IDR picture), nal_ref_idc: 0
Jan 29, 2026 14:30:02.924 [126633085677312] DEBUG - [FFMPEG] - nal_unit_type: 6(SEI), nal_ref_idc: 0
Jan 29, 2026 14:30:02.924 [126633085677312] DEBUG - [FFMPEG] - nal_unit_type: 1(Coded slice of a non-IDR picture), nal_ref_idc: 2
Jan 29, 2026 14:30:02.925 [126633085677312] DEBUG - [FFMPEG] - All info found
Jan 29, 2026 14:30:02.927 [126633085677312] DEBUG - [FFMPEG] - After avformat_find_stream_info() pos: 109535 bytes read:175008 seeks:2 frames:39
Jan 29, 2026 14:30:02.927 [126633085677312] DEBUG - [MI]  * 0b04daaa555df54a0df9f5aafadceb93c44d78ce [mkv h264/eac3] Duration: 4181042ms, 1920x1080 (1.777778) 24.000fps, bitrate=5838kbps, audio channels=6, optimizedForStreaming=0 ("/tv/Senna (2024)/Season 1/Senna - S01E05 - Hero - WEBDL-1080p.mkv")
Jan 29, 2026 14:30:02.927 [126633085677312] DEBUG - [MI] Importing 4 media chapters.
Jan 29, 2026 14:30:02.928 [126633085677312] DEBUG - [MI] Closing input file: "/tv/Senna (2024)/Season 1/Senna - S01E05 - Hero - WEBDL-1080p.mkv"
Jan 29, 2026 14:30:02.928 [126633085677312] DEBUG - Committing media stream changes for part 220
Jan 29, 2026 14:30:02.930 [126633085677312] DEBUG - Updating media item 220, size=3051215867, metadata_item_id=153
Jan 29, 2026 14:30:02.930 [126633085677312] DEBUG - Updating part with ID=220 [/tv/Senna (2024)/Season 1/Senna - S01E05 - Hero - WEBDL-1080p.mkv]
Jan 29, 2026 14:30:02.938 [126633066138368] DEBUG - [HCl#19] HTTP requesting GET http://127.0.0.1:32400/:/metadata/notify/changeItemState?librarySectionID=2&metadataItemID=153&metadataType=4&state=-1&parentID=-1&rootID=-1&mediaState=analyzing
Jan 29, 2026 14:30:02.939 [126633065990912] DEBUG - [HttpClient/HCl#19] HTTP/1.1 (0.0s) 200 response from GET http://127.0.0.1:32400/:/metadata/notify/changeItemState?librarySectionID=2&metadataItemID=153&metadataType=4&state=-1&parentID=-1&rootID=-1&mediaState=analyzing (reused)
Jan 29, 2026 14:30:02.939 [126633066138368] DEBUG - [HCl#1a] HTTP requesting GET http://127.0.0.1:32400/:/metadata/notify/changeItemState?librarySectionID=2&metadataItemID=153&metadataType=4&state=-1&parentID=-1&rootID=-1&mediaState=idle
Jan 29, 2026 14:30:02.940 [126633065990912] DEBUG - [HttpClient/HCl#1a] HTTP/1.1 (0.0s) 200 response from GET http://127.0.0.1:32400/:/metadata/notify/changeItemState?librarySectionID=2&metadataItemID=153&metadataType=4&state=-1&parentID=-1&rootID=-1&mediaState=idle (reused)
Jan 29, 2026 14:30:02.942 [126633085677312] DEBUG - Downloading document http://127.0.0.1:32400/library/changestamp
Jan 29, 2026 14:30:02.942 [126633085677312] DEBUG - [HCl#1b] HTTP requesting GET http://127.0.0.1:32400/library/changestamp
Jan 29, 2026 14:30:02.943 [126633065990912] DEBUG - [HttpClient/HCl#1b] HTTP/1.1 (0.0s) 200 response from GET http://127.0.0.1:32400/library/changestamp (reused)
Jan 29, 2026 14:30:02.943 [126633085677312] DEBUG - Updating metadata item (save) (Hero) with ID 153
Jan 29, 2026 14:30:02.945 [126633066138368] DEBUG - [HCl#1c] HTTP requesting GET http://127.0.0.1:32400/:/metadata/flushMetadataCounterCache?metadataItemID=147
Jan 29, 2026 14:30:02.946 [126633065990912] DEBUG - [HttpClient/HCl#1c] HTTP/1.1 (0.0s) 200 response from GET http://127.0.0.1:32400/:/metadata/flushMetadataCounterCache?metadataItemID=147 (reused)
Jan 29, 2026 14:30:02.946 [126633085677312] DEBUG - Doing expensive tags write for 'Hero' because something changed.
Jan 29, 2026 14:30:02.946 [126633085677312] DEBUG - Downloading document http://127.0.0.1:32400/library/changestamp
Jan 29, 2026 14:30:02.946 [126633085677312] DEBUG - [HCl#1d] HTTP requesting GET http://127.0.0.1:32400/library/changestamp
Jan 29, 2026 14:30:02.947 [126633065990912] DEBUG - [HttpClient/HCl#1d] HTTP/1.1 (0.0s) 200 response from GET http://127.0.0.1:32400/library/changestamp (reused)
Jan 29, 2026 14:30:02.947 [126633085677312] DEBUG - Updating metadata item (save) (Hero) with ID 153
Jan 29, 2026 14:30:02.948 [126633066138368] DEBUG - [HCl#1e] HTTP requesting GET http://127.0.0.1:32400/:/metadata/flushMetadataCounterCache?metadataItemID=147
Jan 29, 2026 14:30:02.948 [126633065990912] DEBUG - [HttpClient/HCl#1e] HTTP/1.1 (0.0s) 200 response from GET http://127.0.0.1:32400/:/metadata/flushMetadataCounterCache?metadataItemID=147 (reused)
Jan 29, 2026 14:30:02.949 [126633085677312] DEBUG - Analyzing media parts for item 154 (Time): 221
Jan 29, 2026 14:30:02.949 [126633085677312] DEBUG - [ID 221] Media part analysis: /tv/Senna (2024)/Season 1/Senna - S01E06 - Time - WEBDL-1080p.mkv
Jan 29, 2026 14:30:02.950 [126633085677312] DEBUG - [MI] Opening input file: "/tv/Senna (2024)/Season 1/Senna - S01E06 - Time - WEBDL-1080p.mkv"
Jan 29, 2026 14:30:02.950 [126633085677312] DEBUG - [FFMPEG] - Opening '/tv/Senna (2024)/Season 1/Senna - S01E06 - Time - WEBDL-1080p.mkv' for reading
Jan 29, 2026 14:30:02.950 [126633085677312] DEBUG - [FFMPEG] - Setting default whitelist 'file,crypto,data'
Jan 29, 2026 14:30:02.950 [126633085677312] DEBUG - [FFMPEG] - Format matroska,webm probed with size=2048 and score=100
Jan 29, 2026 14:30:02.950 [126633085677312] DEBUG - [FFMPEG] - Unknown entry 0x22B59D at pos. 4386
Jan 29, 2026 14:30:02.950 [126633085677312] DEBUG - [FFMPEG] - Unknown entry 0x22B59D at pos. 4465
Jan 29, 2026 14:30:02.950 [126633085677312] DEBUG - [FFMPEG] - Unknown entry 0x22B59D at pos. 4543
Jan 29, 2026 14:30:02.950 [126633085677312] DEBUG - [FFMPEG] - Unknown entry 0x22B59D at pos. 4614
Jan 29, 2026 14:30:02.950 [126633085677312] DEBUG - [FFMPEG] - Unknown entry 0x22B59D at pos. 4697
Jan 29, 2026 14:30:02.950 [126633085677312] DEBUG - [FFMPEG] - Unknown entry 0x22B59D at pos. 4771
Jan 29, 2026 14:30:02.950 [126633085677312] DEBUG - [FFMPEG] - Unknown entry 0x22B59D at pos. 4844
Jan 29, 2026 14:30:02.950 [126633085677312] DEBUG - [FFMPEG] - Unknown entry 0x22B59D at pos. 4896
Jan 29, 2026 14:30:02.950 [126633085677312] DEBUG - [FFMPEG] - Unknown entry 0x22B59D at pos. 4954
Jan 29, 2026 14:30:02.950 [126633085677312] DEBUG - [FFMPEG] - Unknown entry 0x22B59D at pos. 5025
Jan 29, 2026 14:30:02.950 [126633085677312] DEBUG - [FFMPEG] - Unknown entry 0x22B59D at pos. 5084
Jan 29, 2026 14:30:02.950 [126633085677312] DEBUG - [FFMPEG] - Unknown entry 0x22B59D at pos. 5143
Jan 29, 2026 14:30:02.950 [126633085677312] DEBUG - [FFMPEG] - Unknown entry 0x22B59D at pos. 5202
Jan 29, 2026 14:30:02.950 [126633085677312] DEBUG - [FFMPEG] - Unknown entry 0x22B59D at pos. 5261
Jan 29, 2026 14:30:02.950 [126633085677312] DEBUG - [FFMPEG] - Unknown entry 0x22B59D at pos. 5320
Jan 29, 2026 14:30:02.950 [126633085677312] DEBUG - [FFMPEG] - Unknown entry 0x22B59D at pos. 5379
Jan 29, 2026 14:30:02.950 [126633085677312] DEBUG - [FFMPEG] - Unknown entry 0x22B59D at pos. 5459
Jan 29, 2026 14:30:02.950 [126633085677312] DEBUG - [FFMPEG] - Unknown entry 0x22B59D at pos. 5521
Jan 29, 2026 14:30:02.950 [126633085677312] DEBUG - [FFMPEG] - Unknown entry 0x22B59D at pos. 5580
Jan 29, 2026 14:30:02.950 [126633085677312] DEBUG - [FFMPEG] - Unknown entry 0x22B59D at pos. 5639
Jan 29, 2026 14:30:02.950 [126633085677312] DEBUG - [FFMPEG] - Unknown entry 0x22B59D at pos. 5699
Jan 29, 2026 14:30:02.950 [126633085677312] DEBUG - [FFMPEG] - Unknown entry 0x22B59D at pos. 5758
Jan 29, 2026 14:30:02.950 [126633085677312] DEBUG - [FFMPEG] - Unknown entry 0x22B59D at pos. 5817
Jan 29, 2026 14:30:02.950 [126633085677312] DEBUG - [FFMPEG] - Unknown entry 0x22B59D at pos. 5876
Jan 29, 2026 14:30:02.950 [126633085677312] DEBUG - [FFMPEG] - Unknown entry 0x22B59D at pos. 5935
Jan 29, 2026 14:30:02.950 [126633085677312] DEBUG - [FFMPEG] - Unknown entry 0x22B59D at pos. 5994
Jan 29, 2026 14:30:02.950 [126633085677312] DEBUG - [FFMPEG] - Unknown entry 0x22B59D at pos. 6053
Jan 29, 2026 14:30:02.950 [126633085677312] DEBUG - [FFMPEG] - Unknown entry 0x22B59D at pos. 6112
Jan 29, 2026 14:30:02.950 [126633085677312] DEBUG - [FFMPEG] - Unknown entry 0x22B59D at pos. 6171
Jan 29, 2026 14:30:02.950 [126633085677312] DEBUG - [FFMPEG] - Unknown entry 0x22B59D at pos. 6230
Jan 29, 2026 14:30:02.950 [126633085677312] DEBUG - [FFMPEG] - Unknown entry 0x22B59D at pos. 6289
Jan 29, 2026 14:30:02.950 [126633085677312] DEBUG - [FFMPEG] - Unknown entry 0x22B59D at pos. 6348
Jan 29, 2026 14:30:02.950 [126633085677312] DEBUG - [FFMPEG] - Unknown entry 0x22B59D at pos. 6407
Jan 29, 2026 14:30:02.950 [126633085677312] DEBUG - [FFMPEG] - Unknown entry 0x22B59D at pos. 6466
Jan 29, 2026 14:30:02.950 [126633085677312] DEBUG - [FFMPEG] - Unknown entry 0x22B59D at pos. 6525
Jan 29, 2026 14:30:02.950 [126633085677312] DEBUG - [FFMPEG] - Unknown entry 0x22B59D at pos. 6584
Jan 29, 2026 14:30:02.950 [126633085677312] DEBUG - [FFMPEG] - Unknown entry 0x22B59D at pos. 6643
Jan 29, 2026 14:30:02.950 [126633085677312] DEBUG - [FFMPEG] - Unknown entry 0x22B59D at pos. 6702
Jan 29, 2026 14:30:02.950 [126633085677312] DEBUG - [FFMPEG] - Unknown entry 0x22B59D at pos. 6761
Jan 29, 2026 14:30:02.950 [126633085677312] DEBUG - [FFMPEG] - Unknown entry 0x22B59D at pos. 6820
Jan 29, 2026 14:30:02.951 [126633085677312] DEBUG - [FFMPEG] - Unknown entry 0x22B59D at pos. 6879
Jan 29, 2026 14:30:02.951 [126633085677312] DEBUG - [FFMPEG] - Unknown entry 0x22B59D at pos. 6956
Jan 29, 2026 14:30:02.951 [126633085677312] DEBUG - [FFMPEG] - Unknown entry 0x437D at pos. 8968
Jan 29, 2026 14:30:02.951 [126633085677312] DEBUG - [FFMPEG] - Unknown entry 0x437D at pos. 9015
Jan 29, 2026 14:30:02.951 [126633085677312] DEBUG - [FFMPEG] - Unknown entry 0x437D at pos. 9064
Jan 29, 2026 14:30:02.951 [126633085677312] DEBUG - [FFMPEG] - Unknown entry 0x437D at pos. 9114
Jan 29, 2026 14:30:02.951 [126633085677312] DEBUG - [FFMPEG] - st:0 removing common factor 1000000 from timebase
Jan 29, 2026 14:30:02.951 [126633085677312] DEBUG - [FFMPEG] - st:1 removing common factor 1000000 from timebase
Jan 29, 2026 14:30:02.951 [126633085677312] DEBUG - [FFMPEG] - st:2 removing common factor 1000000 from timebase
Jan 29, 2026 14:30:02.951 [126633085677312] DEBUG - [FFMPEG] - st:3 removing common factor 1000000 from timebase
Jan 29, 2026 14:30:02.951 [126633085677312] DEBUG - [FFMPEG] - st:4 removing common factor 1000000 from timebase
Jan 29, 2026 14:30:02.951 [126633085677312] DEBUG - [FFMPEG] - st:5 removing common factor 1000000 from timebase
Jan 29, 2026 14:30:02.951 [126633085677312] DEBUG - [FFMPEG] - st:6 removing common factor 1000000 from timebase
Jan 29, 2026 14:30:02.951 [126633085677312] DEBUG - [FFMPEG] - st:7 removing common factor 1000000 from timebase
Jan 29, 2026 14:30:02.951 [126633085677312] DEBUG - [FFMPEG] - st:8 removing common factor 1000000 from timebase
Jan 29, 2026 14:30:02.951 [126633085677312] DEBUG - [FFMPEG] - st:9 removing common factor 1000000 from timebase
Jan 29, 2026 14:30:02.951 [126633085677312] DEBUG - [FFMPEG] - st:10 removing common factor 1000000 from timebase
Jan 29, 2026 14:30:02.951 [126633085677312] DEBUG - [FFMPEG] - st:11 removing common factor 1000000 from timebase
Jan 29, 2026 14:30:02.951 [126633085677312] DEBUG - [FFMPEG] - st:12 removing common factor 1000000 from timebase
Jan 29, 2026 14:30:02.951 [126633085677312] DEBUG - [FFMPEG] - st:13 removing common factor 1000000 from timebase
Jan 29, 2026 14:30:02.951 [126633085677312] DEBUG - [FFMPEG] - st:14 removing common factor 1000000 from timebase
Jan 29, 2026 14:30:02.951 [126633085677312] DEBUG - [FFMPEG] - st:15 removing common factor 1000000 from timebase
Jan 29, 2026 14:30:02.951 [126633085677312] DEBUG - [FFMPEG] - st:16 removing common factor 1000000 from timebase
Jan 29, 2026 14:30:02.951 [126633085677312] DEBUG - [FFMPEG] - st:17 removing common factor 1000000 from timebase
Jan 29, 2026 14:30:02.951 [126633085677312] DEBUG - [FFMPEG] - st:18 removing common factor 1000000 from timebase
Jan 29, 2026 14:30:02.951 [126633085677312] DEBUG - [FFMPEG] - st:19 removing common factor 1000000 from timebase
Jan 29, 2026 14:30:02.951 [126633085677312] DEBUG - [FFMPEG] - st:20 removing common factor 1000000 from timebase
Jan 29, 2026 14:30:02.951 [126633085677312] DEBUG - [FFMPEG] - st:21 removing common factor 1000000 from timebase
Jan 29, 2026 14:30:02.951 [126633085677312] DEBUG - [FFMPEG] - st:22 removing common factor 1000000 from timebase
Jan 29, 2026 14:30:02.951 [126633085677312] DEBUG - [FFMPEG] - st:23 removing common factor 1000000 from timebase
Jan 29, 2026 14:30:02.951 [126633085677312] DEBUG - [FFMPEG] - st:24 removing common factor 1000000 from timebase
Jan 29, 2026 14:30:02.951 [126633085677312] DEBUG - [FFMPEG] - st:25 removing common factor 1000000 from timebase
Jan 29, 2026 14:30:02.951 [126633085677312] DEBUG - [FFMPEG] - st:26 removing common factor 1000000 from timebase
Jan 29, 2026 14:30:02.951 [126633085677312] DEBUG - [FFMPEG] - st:27 removing common factor 1000000 from timebase
Jan 29, 2026 14:30:02.951 [126633085677312] DEBUG - [FFMPEG] - st:28 removing common factor 1000000 from timebase
Jan 29, 2026 14:30:02.951 [126633085677312] DEBUG - [FFMPEG] - st:29 removing common factor 1000000 from timebase
Jan 29, 2026 14:30:02.951 [126633085677312] DEBUG - [FFMPEG] - st:30 removing common factor 1000000 from timebase
Jan 29, 2026 14:30:02.951 [126633085677312] DEBUG - [FFMPEG] - st:31 removing common factor 1000000 from timebase
Jan 29, 2026 14:30:02.951 [126633085677312] DEBUG - [FFMPEG] - st:32 removing common factor 1000000 from timebase
Jan 29, 2026 14:30:02.951 [126633085677312] DEBUG - [FFMPEG] - st:33 removing common factor 1000000 from timebase
Jan 29, 2026 14:30:02.951 [126633085677312] DEBUG - [FFMPEG] - st:34 removing common factor 1000000 from timebase
Jan 29, 2026 14:30:02.951 [126633085677312] DEBUG - [FFMPEG] - st:35 removing common factor 1000000 from timebase
Jan 29, 2026 14:30:02.951 [126633085677312] DEBUG - [FFMPEG] - st:36 removing common factor 1000000 from timebase
Jan 29, 2026 14:30:02.951 [126633085677312] DEBUG - [FFMPEG] - st:37 removing common factor 1000000 from timebase
Jan 29, 2026 14:30:02.951 [126633085677312] DEBUG - [FFMPEG] - st:38 removing common factor 1000000 from timebase
Jan 29, 2026 14:30:02.951 [126633085677312] DEBUG - [FFMPEG] - st:39 removing common factor 1000000 from timebase
Jan 29, 2026 14:30:02.951 [126633085677312] DEBUG - [FFMPEG] - st:40 removing common factor 1000000 from timebase
Jan 29, 2026 14:30:02.951 [126633085677312] DEBUG - [FFMPEG] - st:41 removing common factor 1000000 from timebase
Jan 29, 2026 14:30:02.951 [126633085677312] DEBUG - [FFMPEG] - Before avformat_find_stream_info() pos: 9226 bytes read:43935 seeks:2 nb_streams:42
Jan 29, 2026 14:30:02.952 [126633085677312] DEBUG - [FFMPEG] - nal_unit_type: 7(SPS), nal_ref_idc: 3
Jan 29, 2026 14:30:02.952 [126633085677312] DEBUG - [FFMPEG] - nal_unit_type: 8(PPS), nal_ref_idc: 3
Jan 29, 2026 14:30:02.953 [126633085677312] DEBUG - [FFMPEG] - nal_unit_type: 7(SPS), nal_ref_idc: 3
Jan 29, 2026 14:30:02.953 [126633085677312] DEBUG - [FFMPEG] - nal_unit_type: 8(PPS), nal_ref_idc: 3
Jan 29, 2026 14:30:02.953 [126633085677312] DEBUG - [FFMPEG] - nal_unit_type: 6(SEI), nal_ref_idc: 0
Jan 29, 2026 14:30:02.953 [126633085677312] DEBUG - [FFMPEG] - nal_unit_type: 6(SEI), nal_ref_idc: 0
Jan 29, 2026 14:30:02.953 [126633085677312] DEBUG - [FFMPEG] - nal_unit_type: 6(SEI), nal_ref_idc: 0
Jan 29, 2026 14:30:02.953 [126633085677312] DEBUG - [FFMPEG] - nal_unit_type: 5(IDR), nal_ref_idc: 3
Jan 29, 2026 14:30:02.953 [126633085677312] DEBUG - [FFMPEG] - Format yuv420p chosen by get_format().
Jan 29, 2026 14:30:02.956 [126633085677312] DEBUG - [FFMPEG] - no picture 
Jan 29, 2026 14:30:02.957 [126633085677312] DEBUG - [FFMPEG] - nal_unit_type: 6(SEI), nal_ref_idc: 0
Jan 29, 2026 14:30:02.957 [126633085677312] DEBUG - [FFMPEG] - nal_unit_type: 1(Coded slice of a non-IDR picture), nal_ref_idc: 2
Jan 29, 2026 14:30:02.961 [126633085677312] DEBUG - [FFMPEG] - nal_unit_type: 6(SEI), nal_ref_idc: 0
Jan 29, 2026 14:30:02.961 [126633085677312] DEBUG - [FFMPEG] - nal_unit_type: 1(Coded slice of a non-IDR picture), nal_ref_idc: 0
Jan 29, 2026 14:30:02.966 [126633085677312] DEBUG - [FFMPEG] - nal_unit_type: 6(SEI), nal_ref_idc: 0
Jan 29, 2026 14:30:02.966 [126633085677312] DEBUG - [FFMPEG] - nal_unit_type: 1(Coded slice of a non-IDR picture), nal_ref_idc: 0
Jan 29, 2026 14:30:02.971 [126633085677312] DEBUG - [FFMPEG] - nal_unit_type: 6(SEI), nal_ref_idc: 0
Jan 29, 2026 14:30:02.971 [126633085677312] DEBUG - [FFMPEG] - nal_unit_type: 1(Coded slice of a non-IDR picture), nal_ref_idc: 2
Jan 29, 2026 14:30:02.972 [126633085677312] DEBUG - [FFMPEG] - nal_unit_type: 6(SEI), nal_ref_idc: 0
Jan 29, 2026 14:30:02.972 [126633085677312] DEBUG - [FFMPEG] - nal_unit_type: 1(Coded slice of a non-IDR picture), nal_ref_idc: 0
Jan 29, 2026 14:30:02.975 [126633085677312] DEBUG - [FFMPEG] - nal_unit_type: 6(SEI), nal_ref_idc: 0
Jan 29, 2026 14:30:02.975 [126633085677312] DEBUG - [FFMPEG] - nal_unit_type: 1(Coded slice of a non-IDR picture), nal_ref_idc: 0
Jan 29, 2026 14:30:02.980 [126633085677312] DEBUG - [FFMPEG] - nal_unit_type: 6(SEI), nal_ref_idc: 0
Jan 29, 2026 14:30:02.980 [126633085677312] DEBUG - [FFMPEG] - nal_unit_type: 1(Coded slice of a non-IDR picture), nal_ref_idc: 2
Jan 29, 2026 14:30:02.982 [126633085677312] DEBUG - [FFMPEG] - All info found
Jan 29, 2026 14:30:02.983 [126633085677312] DEBUG - [FFMPEG] - After avformat_find_stream_info() pos: 109530 bytes read:175007 seeks:2 frames:39
Jan 29, 2026 14:30:02.984 [126633085677312] DEBUG - [MI]  * 9a70bce96f486458e1ddd537a9695fcf6c8b4c1b [mkv h264/eac3] Duration: 3530084ms, 1920x1080 (1.777778) 24.000fps, bitrate=5693kbps, audio channels=6, optimizedForStreaming=0 ("/tv/Senna (2024)/Season 1/Senna - S01E06 - Time - WEBDL-1080p.mkv")
Jan 29, 2026 14:30:02.984 [126633085677312] DEBUG - [MI] Importing 4 media chapters.
Jan 29, 2026 14:30:02.984 [126633085677312] DEBUG - [MI] Closing input file: "/tv/Senna (2024)/Season 1/Senna - S01E06 - Time - WEBDL-1080p.mkv"
Jan 29, 2026 14:30:02.984 [126633085677312] DEBUG - Committing media stream changes for part 221
Jan 29, 2026 14:30:02.986 [126633085677312] DEBUG - Updating media item 221, size=2512252986, metadata_item_id=154
Jan 29, 2026 14:30:02.986 [126633085677312] DEBUG - Updating part with ID=221 [/tv/Senna (2024)/Season 1/Senna - S01E06 - Time - WEBDL-1080p.mkv]
Jan 29, 2026 14:30:02.986 [126633066138368] DEBUG - [HCl#1f] HTTP requesting GET http://127.0.0.1:32400/:/metadata/notify/changeItemState?librarySectionID=2&metadataItemID=154&metadataType=4&state=-1&parentID=-1&rootID=-1&mediaState=analyzing
Jan 29, 2026 14:30:02.986 [126633065990912] DEBUG - [HttpClient/HCl#1f] HTTP/1.1 (0.0s) 200 response from GET http://127.0.0.1:32400/:/metadata/notify/changeItemState?librarySectionID=2&metadataItemID=154&metadataType=4&state=-1&parentID=-1&rootID=-1&mediaState=analyzing (reused)
Jan 29, 2026 14:30:02.987 [126633066138368] DEBUG - [HCl#20] HTTP requesting GET http://127.0.0.1:32400/:/metadata/notify/changeItemState?librarySectionID=2&metadataItemID=154&metadataType=4&state=-1&parentID=-1&rootID=-1&mediaState=idle
Jan 29, 2026 14:30:02.987 [126633065990912] DEBUG - [HttpClient/HCl#20] HTTP/1.1 (0.0s) 200 response from GET http://127.0.0.1:32400/:/metadata/notify/changeItemState?librarySectionID=2&metadataItemID=154&metadataType=4&state=-1&parentID=-1&rootID=-1&mediaState=idle (reused)
Jan 29, 2026 14:30:02.990 [126633085677312] DEBUG - Downloading document http://127.0.0.1:32400/library/changestamp
Jan 29, 2026 14:30:02.990 [126633085677312] DEBUG - [HCl#21] HTTP requesting GET http://127.0.0.1:32400/library/changestamp
Jan 29, 2026 14:30:02.990 [126633065990912] DEBUG - [HttpClient/HCl#21] HTTP/1.1 (0.0s) 200 response from GET http://127.0.0.1:32400/library/changestamp (reused)
Jan 29, 2026 14:30:02.990 [126633085677312] DEBUG - Updating metadata item (save) (Time) with ID 154
Jan 29, 2026 14:30:02.991 [126633066138368] DEBUG - [HCl#22] HTTP requesting GET http://127.0.0.1:32400/:/metadata/flushMetadataCounterCache?metadataItemID=147
Jan 29, 2026 14:30:02.992 [126633065990912] DEBUG - [HttpClient/HCl#22] HTTP/1.1 (0.0s) 200 response from GET http://127.0.0.1:32400/:/metadata/flushMetadataCounterCache?metadataItemID=147 (reused)
Jan 29, 2026 14:30:02.992 [126633085677312] DEBUG - Doing expensive tags write for 'Time' because something changed.
Jan 29, 2026 14:30:02.992 [126633085677312] DEBUG - Downloading document http://127.0.0.1:32400/library/changestamp
Jan 29, 2026 14:30:02.992 [126633085677312] DEBUG - [HCl#23] HTTP requesting GET http://127.0.0.1:32400/library/changestamp
Jan 29, 2026 14:30:02.992 [126633065990912] DEBUG - [HttpClient/HCl#23] HTTP/1.1 (0.0s) 200 response from GET http://127.0.0.1:32400/library/changestamp (reused)
Jan 29, 2026 14:30:02.993 [126633085677312] DEBUG - Updating metadata item (save) (Time) with ID 154
Jan 29, 2026 14:30:02.993 [126633066138368] DEBUG - [HCl#24] HTTP requesting GET http://127.0.0.1:32400/:/metadata/flushMetadataCounterCache?metadataItemID=147
Jan 29, 2026 14:30:02.993 [126633065990912] DEBUG - [HttpClient/HCl#24] HTTP/1.1 (0.0s) 200 response from GET http://127.0.0.1:32400/:/metadata/flushMetadataCounterCache?metadataItemID=147 (reused)
