Jan 22, 2026 17:10:32.836 [123468204329784] INFO - Plex Media Server v1.42.2.10156-f737b826c - Docker Docker Container (LinuxServer.io) x86_64 - build: linux-x86_64 debian - GMT 00:00
Jan 22, 2026 17:10:32.837 [123468204329784] INFO - Linux version: 6.8.0-90-generic, language: en-US
Jan 22, 2026 17:10:32.837 [123468204329784] INFO - Processor: 4-core Intel(R) Core(TM) i7-5500U CPU @ 2.40GHz
Jan 22, 2026 17:10:32.837 [123468204329784] INFO - Compiler is - Clang 11.0.1 (https://plex.tv 9b997da8e5b47bdb4a9425b3a3b290be393b4b1f)
Jan 22, 2026 17:10:32.837 [123468204329784] INFO - /usr/lib/plexmediaserver/Plex Media Server
Jan 22, 2026 17:10:32.840 [123468206873232] DEBUG - BPQ: [Idle] -> [Starting]
Jan 22, 2026 17:10:32.840 [123468206873232] DEBUG - FeatureManager: Using cached data for features list
Jan 22, 2026 17:10:32.852 [123468206873232] DEBUG - MyPlex: mapping state set to 'Unknown'.
Jan 22, 2026 17:10:32.852 [123468206873232] DEBUG - Relay: read 0 cached entries from hosts file
Jan 22, 2026 17:10:32.853 [123468206873232] DEBUG - Opening 20 database sessions to library (com.plexapp.plugins.library), SQLite 3.39.4, threadsafe=1
Jan 22, 2026 17:10:32.926 [123468206873232] DEBUG - MyPlex: using cached data for request for https://plex.tv/api/v2/server/users/features
Jan 22, 2026 17:10:32.975 [123468206873232] DEBUG - [CERT] Subject name is /CN=*.1bac40021f47432f9c1841e656677f93.plex.direct
Jan 22, 2026 17:10:32.975 [123468206873232] DEBUG - [CERT] Installed certificate with fingerprint 4c:ca:3d:be:ac:56:02:2f:38:79:61:b6:fd:57:74:d5:c9:c9:0b:e0.
Jan 22, 2026 17:10:32.975 [123468206873232] DEBUG - [CERT/OCSP] no URL available
Jan 22, 2026 17:10:32.975 [123468206873232] WARN - [CERT/OCSP] getCertInfo failed; skipping stapling
Jan 22, 2026 17:10:32.975 [123468206873232] DEBUG - HttpServer: Listening on IPv6 as well as IPv4.
Jan 22, 2026 17:10:32.975 [123468206873232] DEBUG - HttpServer: Listening on port 32400.
Jan 22, 2026 17:10:32.976 [123468206873232] DEBUG - HttpServer: Listening on port 32401.
Jan 22, 2026 17:10:32.976 [123468206873232] DEBUG - Running server...
Jan 22, 2026 17:10:32.976 [123468206873232] INFO - Running migrations. (EPG 0)
Jan 22, 2026 17:10:32.977 [123468206873232] DEBUG - Captured session 0.
Jan 22, 2026 17:10:32.977 [123468206873232] DEBUG - Captured session 1.
Jan 22, 2026 17:10:32.977 [123468206873232] DEBUG - Captured session 2.
Jan 22, 2026 17:10:32.977 [123468206873232] DEBUG - Captured session 3.
Jan 22, 2026 17:10:32.977 [123468206873232] DEBUG - Captured session 4.
Jan 22, 2026 17:10:32.977 [123468206873232] DEBUG - Captured session 5.
Jan 22, 2026 17:10:32.977 [123468206873232] DEBUG - Captured session 6.
Jan 22, 2026 17:10:32.977 [123468206873232] DEBUG - Captured session 7.
Jan 22, 2026 17:10:32.977 [123468206873232] DEBUG - Captured session 8.
Jan 22, 2026 17:10:32.977 [123468206873232] DEBUG - Captured session 9.
Jan 22, 2026 17:10:32.977 [123468206873232] DEBUG - Captured session 10.
Jan 22, 2026 17:10:32.977 [123468206873232] DEBUG - Captured session 11.
Jan 22, 2026 17:10:32.977 [123468206873232] DEBUG - Captured session 12.
Jan 22, 2026 17:10:32.977 [123468206873232] DEBUG - Captured session 13.
Jan 22, 2026 17:10:32.977 [123468206873232] DEBUG - Captured session 14.
Jan 22, 2026 17:10:32.977 [123468206873232] DEBUG - Captured session 15.
Jan 22, 2026 17:10:32.977 [123468206873232] DEBUG - Captured session 16.
Jan 22, 2026 17:10:32.977 [123468206873232] DEBUG - Captured session 17.
Jan 22, 2026 17:10:32.977 [123468206873232] DEBUG - Captured session 18.
Jan 22, 2026 17:10:32.977 [123468206873232] DEBUG - Captured session 19.
Jan 22, 2026 17:10:32.978 [123468186417976] DEBUG - HttpServer: Set up a thread pool with 2 threads.
Jan 22, 2026 17:10:32.982 [123468206873232] DEBUG - ChangestampAllocator: initialized to 309
Jan 22, 2026 17:10:32.982 [123468206873232] DEBUG - Opening 2 database sessions to library (com.plexapp.plugins.library.blobs), SQLite 3.39.4, threadsafe=1
Jan 22, 2026 17:10:32.989 [123468206873232] INFO - Running migrations. (EPG 0)
Jan 22, 2026 17:10:32.991 [123468206873232] DEBUG - Captured session 0.
Jan 22, 2026 17:10:32.991 [123468206873232] DEBUG - Captured session 1.
Jan 22, 2026 17:10:33.022 [123468206873232] DEBUG - Media Provider: Registering provider com.plexapp.plugins.library
Jan 22, 2026 17:10:33.022 [123468206873232] DEBUG - Auth: Refreshing tokens inside the token-based authentication filter.
Jan 22, 2026 17:10:33.022 [123468206873232] DEBUG - MyPlex: using cached data for request for https://plex.tv/api/v2/server/access_tokens?auth_token=xxxxxxxxxxxxxxxxxxxx
Jan 22, 2026 17:10:33.023 [123468206873232] DEBUG - MyPlex: updating with 6 access tokens
Jan 22, 2026 17:10:33.023 [123468199578424] DEBUG - Grabber: Cleaning up orphaned grabs.
Jan 22, 2026 17:10:33.023 [123468206873232] DEBUG - MyPlex: using cached data for request for https://plex.tv/api/v2/server/users?auth_token=xxxxxxxxxxxxxxxxxxxx
Jan 22, 2026 17:10:33.024 [123468206873232] DEBUG - MyPlex: using cached data for request for https://plex.tv/api/v2/server/users/subscriptions?auth_token=xxxxxxxxxxxxxxxxxxxx
Jan 22, 2026 17:10:33.024 [123468206873232] DEBUG - MyPlex: no cached data to load for request for https://plex.tv/api/v2/server/users/services?auth_token=xxxxxxxxxxxxxxxxxxxx
Jan 22, 2026 17:10:33.024 [123468199578424] DEBUG - Grabber: Cleaned up 0 decrepit directories in 0.0 sec.
Jan 22, 2026 17:10:33.024 [123468178615096] DEBUG - Auth: Refreshing tokens inside the token-based authentication filter.
Jan 22, 2026 17:10:33.025 [123468178615096] DEBUG - [HCl#1] HTTP requesting GET https://plex.tv/api/v2/server/access_tokens?auth_token=xxxxxxxxxxxxxxxxxxxx
Jan 22, 2026 17:10:33.025 [123468206873232] DEBUG - Opening 1 database sessions to library (), SQLite 3.39.4, threadsafe=1
Jan 22, 2026 17:10:33.030 [123468172065592] DEBUG - File "/usr/lib/plexmediaserver/Resources/Plug-ins-f737b826c" changed: -1 => 2026-01-19 09:43:43 (1768815823).
Jan 22, 2026 17:10:33.030 [123468172065592] DEBUG - File "/config/Library/Application Support/Plex Media Server/Plug-ins" changed: -1 => 2026-01-20 16:30:31 (1768926631).
Jan 22, 2026 17:10:33.030 [123468172065592] DEBUG - Scanning for plug-ins in "/usr/lib/plexmediaserver/Resources/Plug-ins-f737b826c"
Jan 22, 2026 17:10:33.033 [123468172065592] DEBUG - Scanning for plug-ins in "/config/Library/Application Support/Plex Media Server/Plug-ins"
Jan 22, 2026 17:10:33.033 [123468172065592] DEBUG - PluginRepository::setStartState: 1, startingSystem
Jan 22, 2026 17:10:33.033 [123468172065592] DEBUG - Starting plug-in /usr/lib/plexmediaserver/Resources/Plug-ins-f737b826c/System.bundle.
Jan 22, 2026 17:10:33.034 [123468172065592] DEBUG - [com.plexapp.system] Setting plug-in to always running (daemon mode).
Jan 22, 2026 17:10:33.035 [123468172065592] DEBUG - Starting file watcher for com.plexapp.system
Jan 22, 2026 17:10:33.035 [123468172065592] DEBUG - Plugin: setting environment variable: 'PYTHONHOME=/usr/lib/plexmediaserver/Resources/Python'
Jan 22, 2026 17:10:33.035 [123468172065592] DEBUG - Plugin: setting environment variable: 'PYTHONPATH=/usr/lib/plexmediaserver/Resources/Python/python27.zip:/usr/lib/plexmediaserver/Resources/Python/lib/python2.7/site-packages'
Jan 22, 2026 17:10:33.037 [123468172065592] DEBUG - Spawned plug-in com.plexapp.system with PID 205
Jan 22, 2026 17:10:33.037 [123468172065592] DEBUG - [com.plexapp.system] Sending command: GET /:/prefixes
Jan 22, 2026 17:10:33.518 [123468176505656] DEBUG - [HttpClient/HCl#1] HTTP/1.1 (0.5s) 200 response from GET https://plex.tv/api/v2/server/access_tokens?auth_token=xxxxxxxxxxxxxxxxxxxx
Jan 22, 2026 17:10:33.519 [123468178615096] DEBUG - MyPlex: updating with 6 access tokens
Jan 22, 2026 17:10:33.520 [123468178615096] DEBUG - [HCl#2] HTTP requesting GET https://plex.tv/api/v2/server/users?auth_token=xxxxxxxxxxxxxxxxxxxx
Jan 22, 2026 17:10:33.674 [123468176505656] DEBUG - [HttpClient/HCl#2] HTTP/1.1 (0.2s) 200 response from GET https://plex.tv/api/v2/server/users?auth_token=xxxxxxxxxxxxxxxxxxxx (reused)
Jan 22, 2026 17:10:33.675 [123468167846712] DEBUG - [HCl#3] HTTP requesting GET https://plex.tv/api/v2/server/users/subscriptions?auth_token=xxxxxxxxxxxxxxxxxxxx
Jan 22, 2026 17:10:33.821 [123468191767352] DEBUG - Request: didn't get any data from [::ffff:127.0.0.1]:42334: End of file
Jan 22, 2026 17:10:33.830 [123468176505656] DEBUG - [HttpClient/HCl#3] HTTP/1.1 (0.2s) 200 response from GET https://plex.tv/api/v2/server/users/subscriptions?auth_token=xxxxxxxxxxxxxxxxxxxx (reused)
Jan 22, 2026 17:10:33.830 [123468167846712] DEBUG - MyPlex: no cached data to load for request for https://plex.tv/api/v2/server/users/services?auth_token=xxxxxxxxxxxxxxxxxxxx
Jan 22, 2026 17:10:34.315 [123468165737272] DEBUG - Request: [127.0.0.1:42344 (Loopback)] GET /:/plugins/com.plexapp.system/messaging/function/X0J1bmRsZVNlcnZpY2U6QWxsU2VydmljZXM_/Y2VyZWFsMQoxCmxpc3QKMApyMAo_/Y2VyZWFsMQoxCmRpY3QKMApyMAo_ (3 live) #3 GZIP Token ()
Jan 22, 2026 17:10:34.316 [123468189657912] DEBUG - Completed: [127.0.0.1:42344] 503 GET /:/plugins/com.plexapp.system/messaging/function/X0J1bmRsZVNlcnZpY2U6QWxsU2VydmljZXM_/Y2VyZWFsMQoxCmxpc3QKMApyMAo_/Y2VyZWFsMQoxCmRpY3QKMApyMAo_ (3 live) #3 GZIP 0ms 436 bytes
Jan 22, 2026 17:10:34.316 [123468165737272] DEBUG - Request: [127.0.0.1:42358 (Loopback)] GET / (3 live) #4 GZIP Token ()
Jan 22, 2026 17:10:34.317 [123468189657912] DEBUG - Completed: [127.0.0.1:42358] 503 GET / (3 live) #4 GZIP 0ms 436 bytes
Jan 22, 2026 17:10:34.833 [123468180732728] DEBUG - [JobRunner] Job running: /usr/lib/plexmediaserver/CrashUploader "--directory=/config/Library/Application Support/Plex Media Server/Crash Reports/1.42.2.10156-f737b826c" --version=1.42.2.10156-f737b826c --platform=Linux --platformVersion=6.8.0-90-generic --serverUuid=5e7f690a5d7aaebc45f52729540aadee813dd9f4 --userId=lucas.noman7@gmail.com --sentryUrl=https://o17675.ingest.sentry.io/api/1233455/ --sentryKey=xxxxxxxxxxxxxxxxxxxxxxxxxxxxxxxx --vendor=Docker --model=x86_64 "--device=Docker Container (LinuxServer.io)"
Jan 22, 2026 17:10:34.833 [123468180732728] DEBUG - [JobRunner] Jobs: Starting child process with pid 239
Jan 22, 2026 17:10:34.841 [123468202130232] DEBUG - Jobs: '/usr/lib/plexmediaserver/CrashUploader' exit code for process 239 is 0 (success)
Jan 22, 2026 17:10:35.014 [123468165737272] DEBUG - Request: [127.0.0.1:42374 (Loopback)] GET /servers (3 live) #7 GZIP Token ()
Jan 22, 2026 17:10:35.014 [123468189657912] DEBUG - Completed: [127.0.0.1:42374] 503 GET /servers (3 live) #7 GZIP 0ms 436 bytes
Jan 22, 2026 17:10:35.028 [123468172065592] DEBUG - Reading 486 bytes in the body, code is 200
Jan 22, 2026 17:10:35.028 [123468172065592] DEBUG - [com.plexapp.system] Plug-in running on port 34123.
Jan 22, 2026 17:10:35.029 [123468172065592] DEBUG -  * Plug-in handles prefix: /system
Jan 22, 2026 17:10:35.029 [123468172065592] DEBUG -  * Plug-in handles prefix: /player
Jan 22, 2026 17:10:35.029 [123468172065592] DEBUG - Read configuration for [com.plexapp.system], had 2 prefixes
Jan 22, 2026 17:10:35.029 [123468172065592] DEBUG - Done with 1 synchronous plug-in starts, starting the rest in parallel.
Jan 22, 2026 17:10:35.029 [123468172065592] DEBUG - PluginRepository::setStartState: 2, startingPlugins
Jan 22, 2026 17:10:35.029 [123468172065592] DEBUG - Updating the list of agents known by the system.
Jan 22, 2026 17:10:35.029 [123468172065592] DEBUG - [com.plexapp.system] Sending command over HTTP (GET): /system/agents
Jan 22, 2026 17:10:35.029 [123468172065592] DEBUG - [HCl#4] HTTP requesting GET http://127.0.0.1:34123/system/agents
Jan 22, 2026 17:10:35.029 [123468206873232] DEBUG - Image transcode cache directory: "/config/Library/Application Support/Plex Media Server/Cache/PhotoTranscoder"
Jan 22, 2026 17:10:35.030 [123468206873232] DEBUG - Transcoder: Cleaning old transcode directories.
Jan 22, 2026 17:10:35.030 [123468206873232] DEBUG - MyPlex: using cached data for request for https://plex.tv/api/v2/server/access_tokens?auth_token=xxxxxxxxxxxxxxxxxxxx
Jan 22, 2026 17:10:35.031 [123468206873232] DEBUG - MyPlex: updating with 6 access tokens
Jan 22, 2026 17:10:35.031 [123468206873232] DEBUG - MyPlex: using cached data for request for https://plex.tv/api/v2/server/users?auth_token=xxxxxxxxxxxxxxxxxxxx
Jan 22, 2026 17:10:35.031 [123468206873232] DEBUG - MyPlex: using cached data for request for https://plex.tv/api/v2/server/users/subscriptions?auth_token=xxxxxxxxxxxxxxxxxxxx
Jan 22, 2026 17:10:35.031 [123468206873232] DEBUG - MyPlex: no cached data to load for request for https://plex.tv/api/v2/server/users/services?auth_token=xxxxxxxxxxxxxxxxxxxx
Jan 22, 2026 17:10:35.031 [123468206873232] DEBUG - MyPlex: no cached data to load for request for https://plex.tv/api/v2/user?includeSubscriptions=1&includeProviders=1
Jan 22, 2026 17:10:35.031 [123468206873232] DEBUG - MyPlex: start public ip check and mapping - current mapped state: 'Unknown'.
Jan 22, 2026 17:10:35.031 [123468206873232] DEBUG - MyPlex: mapping state set to 'Not Mapped'.
Jan 22, 2026 17:10:35.031 [123468206873232] DEBUG - PublicAddressManager: Starting.
Jan 22, 2026 17:10:35.031 [123468206873232] DEBUG - PublicAddressManager: Obtaining public address and mapping port.
Jan 22, 2026 17:10:35.032 [123468180732728] DEBUG - PublicAddressManager: Obtaining public IP.
Jan 22, 2026 17:10:35.032 [123468161518392] DEBUG - [HCl#5] HTTP requesting GET https://plex.tv/api/v2/user?includeSubscriptions=1&includeProviders=1
Jan 22, 2026 17:10:35.032 [123468180732728] DEBUG - [HCl#6] HTTP requesting GET https://v4.plex.tv/pms/:/ip
Jan 22, 2026 17:10:35.032 [123468199578424] DEBUG - NAT: UPnP, attempting port mapping.
Jan 22, 2026 17:10:35.033 [123468206873232] DEBUG - NetworkInterface: Starting watch thread.
Jan 22, 2026 17:10:35.033 [123468206873232] DEBUG - Network change.
Jan 22, 2026 17:10:35.033 [123468206873232] DEBUG - NetworkInterface: Notified of network changed (force=0)
Jan 22, 2026 17:10:35.034 [123468206873232] DEBUG - Detected primary interface: 192.168.1.100
Jan 22, 2026 17:10:35.034 [123468206873232] DEBUG - Network interfaces:
Jan 22, 2026 17:10:35.034 [123468206873232] DEBUG -  * 1 lo (127.0.0.1) (00-00-00-00-00-00) (loopback: 1)
Jan 22, 2026 17:10:35.034 [123468206873232] DEBUG -  * 2 enp2s0 (192.168.1.100) (1C-39-47-53-92-F0) (loopback: 0)
Jan 22, 2026 17:10:35.034 [123468206873232] DEBUG -  * 4 docker0 (172.17.0.1) (02-F4-98-61-20-33) (loopback: 0)
Jan 22, 2026 17:10:35.034 [123468206873232] DEBUG -  * 10 br-d1e1660fecf4 (172.18.0.1) (E2-C9-0B-6C-7B-CC) (loopback: 0)
Jan 22, 2026 17:10:35.034 [123468206873232] DEBUG -  * 12 br-4cd93d6bfdff (172.19.0.1) (56-76-58-77-BB-96) (loopback: 0)
Jan 22, 2026 17:10:35.034 [123468206873232] DEBUG -  * 26 br-eb849aa15abb (172.20.0.1) (7E-7D-A0-0D-B8-85) (loopback: 0)
Jan 22, 2026 17:10:35.034 [123468206873232] DEBUG -  * 1 lo (::1) (00-00-00-00-00-00) (loopback: 1)
Jan 22, 2026 17:10:35.034 [123468206873232] DEBUG -  * 2 enp2s0 (2804:98c:7032:d400:1e39:47ff:fe53:92f0) (1C-39-47-53-92-F0) (loopback: 0)
Jan 22, 2026 17:10:35.034 [123468206873232] DEBUG - Creating NetworkServices singleton.
Jan 22, 2026 17:10:35.034 [123468206873232] DEBUG - NetworkServices: Initializing...
Jan 22, 2026 17:10:35.034 [123468206873232] DEBUG - NetworkService: Creating new service.
Jan 22, 2026 17:10:35.034 [123468206873232] DEBUG - NetworkService: Got notification of changed network (first change: 1)
Jan 22, 2026 17:10:35.034 [123468206873232] DEBUG - NetworkService: Quick dispatch of network change.
Jan 22, 2026 17:10:35.034 [123468155190072] DEBUG - Network change for advertiser.
Jan 22, 2026 17:10:35.034 [123468206873232] DEBUG - NetworkService: Creating new service.
Jan 22, 2026 17:10:35.034 [123468206873232] DEBUG - NetworkService: Got notification of changed network (first change: 1)
Jan 22, 2026 17:10:35.034 [123468206873232] DEBUG - NetworkService: Quick dispatch of network change.
Jan 22, 2026 17:10:35.034 [123468155190072] DEBUG - NetworkService: Setting up multicast listener on 0.0.0.0:32414
Jan 22, 2026 17:10:35.034 [123468206873232] DEBUG - NetworkService: Creating new service.
Jan 22, 2026 17:10:35.034 [123468206873232] DEBUG - NetworkService: Got notification of changed network (first change: 1)
Jan 22, 2026 17:10:35.034 [123468206873232] DEBUG - NetworkService: Quick dispatch of network change.
Jan 22, 2026 17:10:35.034 [123468206873232] DEBUG - NetworkService: Creating new service.
Jan 22, 2026 17:10:35.034 [123468206873232] DEBUG - NetworkService: Got notification of changed network (first change: 1)
Jan 22, 2026 17:10:35.034 [123468206873232] DEBUG - NetworkService: Quick dispatch of network change.
Jan 22, 2026 17:10:35.034 [123468206873232] DEBUG - NetworkService: Creating new service.
Jan 22, 2026 17:10:35.034 [123468206873232] DEBUG - NetworkService: Got notification of changed network (first change: 1)
Jan 22, 2026 17:10:35.034 [123468206873232] DEBUG - NetworkService: Quick dispatch of network change.
Jan 22, 2026 17:10:35.034 [123468206873232] DEBUG - NetworkService: Creating new service.
Jan 22, 2026 17:10:35.034 [123468206873232] DEBUG - NetworkService: Got notification of changed network (first change: 1)
Jan 22, 2026 17:10:35.034 [123468206873232] DEBUG - NetworkService: Quick dispatch of network change.
Jan 22, 2026 17:10:35.034 [123468155190072] DEBUG - Network change for advertiser.
Jan 22, 2026 17:10:35.034 [123468155190072] DEBUG - NetworkService: Setting up multicast listener on 0.0.0.0:32410
Jan 22, 2026 17:10:35.035 [123468155190072] DEBUG - Network change for advertiser.
Jan 22, 2026 17:10:35.035 [123468155190072] DEBUG - NetworkService: Setting up multicast listener on 0.0.0.0:32412
Jan 22, 2026 17:10:35.035 [123468155190072] DEBUG - NetworkService: Network change for browser (polled=0), closing 0 browse sockets.
Jan 22, 2026 17:10:35.035 [123468155190072] DEBUG - NetworkService: Setting up multicast listener on 0.0.0.0:32413
Jan 22, 2026 17:10:35.035 [123468155190072] DEBUG - NetworkService: Browsing on interface 127.0.0.1 on broadcast address 127.255.255.255 (index: 0)
Jan 22, 2026 17:10:35.035 [123468155190072] DEBUG - NetworkService: Browsing on interface 192.168.1.100 on broadcast address 192.168.1.255 (index: 1)
Jan 22, 2026 17:10:35.035 [123468155190072] DEBUG - NetworkService: Browsing on interface 172.17.0.1 on broadcast address 172.17.255.255 (index: 2)
Jan 22, 2026 17:10:35.035 [123468155190072] DEBUG - NetworkService: Browsing on interface 172.18.0.1 on broadcast address 172.18.255.255 (index: 3)
Jan 22, 2026 17:10:35.035 [123468155190072] DEBUG - NetworkService: Browsing on interface 172.19.0.1 on broadcast address 172.19.255.255 (index: 4)
Jan 22, 2026 17:10:35.035 [123468155190072] DEBUG - NetworkService: Browsing on interface 172.20.0.1 on broadcast address 172.20.255.255 (index: 5)
Jan 22, 2026 17:10:35.035 [123468155190072] DEBUG - NetworkService: Network change for browser (polled=1), closing 0 browse sockets.
Jan 22, 2026 17:10:35.035 [123468155190072] DEBUG - NetworkService: Browsing on interface 127.0.0.1 on broadcast address 127.255.255.255 (index: 0)
Jan 22, 2026 17:10:35.035 [123468155190072] DEBUG - NetworkService: Browsing on interface 192.168.1.100 on broadcast address 192.168.1.255 (index: 1)
Jan 22, 2026 17:10:35.035 [123468155190072] DEBUG - NetworkService: Browsing on interface 172.17.0.1 on broadcast address 172.17.255.255 (index: 2)
Jan 22, 2026 17:10:35.035 [123468155190072] DEBUG - NetworkService: Browsing on interface 172.18.0.1 on broadcast address 172.18.255.255 (index: 3)
Jan 22, 2026 17:10:35.035 [123468155190072] DEBUG - NetworkService: Browsing on interface 172.19.0.1 on broadcast address 172.19.255.255 (index: 4)
Jan 22, 2026 17:10:35.035 [123468155190072] DEBUG - NetworkService: Browsing on interface 172.20.0.1 on broadcast address 172.20.255.255 (index: 5)
Jan 22, 2026 17:10:35.035 [123468155190072] DEBUG - NetworkService: Network change for browser (polled=0), closing 0 browse sockets.
Jan 22, 2026 17:10:35.035 [123468155190072] DEBUG - NetworkService: Setting up multicast listener on 0.0.0.0:1901
Jan 22, 2026 17:10:35.035 [123468155190072] DEBUG - NetworkService: Browsing on interface 192.168.1.100 on broadcast address 239.255.255.250 (index: 0)
Jan 22, 2026 17:10:35.035 [123468155190072] DEBUG - NetworkService: Browsing on interface 172.17.0.1 on broadcast address 239.255.255.250 (index: 1)
Jan 22, 2026 17:10:35.035 [123468155190072] DEBUG - NetworkService: Browsing on interface 172.18.0.1 on broadcast address 239.255.255.250 (index: 2)
Jan 22, 2026 17:10:35.035 [123468155190072] DEBUG - NetworkService: Browsing on interface 172.19.0.1 on broadcast address 239.255.255.250 (index: 3)
Jan 22, 2026 17:10:35.035 [123468155190072] DEBUG - NetworkService: Browsing on interface 172.20.0.1 on broadcast address 239.255.255.250 (index: 4)
Jan 22, 2026 17:10:35.036 [123468157299512] DEBUG - NetworkInterface: Watching for changes on the interfaces.
Jan 22, 2026 17:10:35.038 [123468150971192] DEBUG - [DatabaseFixups] Running fix-ups.
Jan 22, 2026 17:10:35.038 [123468150971192] DEBUG - [DatabaseFixups/31DatabaseFixupsCleanupRetroGames] Executing fixup
Jan 22, 2026 17:10:35.038 [123468150971192] DEBUG - [DatabaseFixups/31DatabaseFixupsCleanupRetroGames] Fixup completed
Jan 22, 2026 17:10:35.038 [123468150971192] DEBUG - [DatabaseFixups/39DatabaseFixupsEnsureLibrarySectionUuids] Executing fixup
Jan 22, 2026 17:10:35.038 [123468178615096] DEBUG - [HCl#7] HTTP requesting GET https://plex.tv/api/v2/release_channels?X-Plex-Token=xxxxxxxxxxxxxxxxxxxx
Jan 22, 2026 17:10:35.038 [123468150971192] DEBUG - [DatabaseFixups/39DatabaseFixupsEnsureLibrarySectionUuids] Fixup completed
Jan 22, 2026 17:10:35.038 [123468150971192] DEBUG - [DatabaseFixups/38DatabaseFixupsEnsureMetadataItemHashes] Executing fixup
Jan 22, 2026 17:10:35.039 [123468150971192] DEBUG - [DatabaseFixups/38DatabaseFixupsEnsureMetadataItemHashes] Fixup completed
Jan 22, 2026 17:10:35.039 [123468150971192] DEBUG - [DatabaseFixups/39DatabaseFixupsSetDefaultAccountLanguage] Executing fixup
Jan 22, 2026 17:10:35.039 [123468150971192] DEBUG - [DatabaseFixups/39DatabaseFixupsSetDefaultAccountLanguage] Fixup completed
Jan 22, 2026 17:10:35.039 [123468150971192] DEBUG - [DatabaseFixups/52DatabaseFixupsCreateDefaultMediaProcessingTargetTags] Executing fixup
Jan 22, 2026 17:10:35.039 [123468150971192] DEBUG - [DatabaseFixups/52DatabaseFixupsCreateDefaultMediaProcessingTargetTags] Fixup completed
Jan 22, 2026 17:10:35.039 [123468150971192] DEBUG - [DatabaseFixups/43DatabaseFixupsUpdateAutomaticLibraryFolders] Executing fixup
Jan 22, 2026 17:10:35.039 [123468150971192] DEBUG - [DatabaseFixups/43DatabaseFixupsUpdateAutomaticLibraryFolders] Fixup completed
Jan 22, 2026 17:10:35.039 [123468150971192] DEBUG - [DatabaseFixups/29DatabaseFixupsSyncCollections] Executing fixup
Jan 22, 2026 17:10:35.039 [123468148861752] DEBUG - [ChildProcessMonitor] Plex Tuner Service starting.
Jan 22, 2026 17:10:35.039 [123468148861752] DEBUG - [ChildProcessMonitor/JobRunner] Job running: "/usr/lib/plexmediaserver/Plex Tuner Service" /usr/lib/plexmediaserver/Resources/Tuner/Private /usr/lib/plexmediaserver/Resources/Tuner/Shared 1.42.2.10156-f737b826c 32600
Jan 22, 2026 17:10:35.040 [123468153080632] DEBUG - [HCl#8] HTTP requesting GET https://plex.tv/api/v2/user/privacy?X-Plex-Token=xxxxxxxxxxxxxxxxxxxx
Jan 22, 2026 17:10:35.040 [123468148861752] DEBUG - [ChildProcessMonitor/JobRunner] Jobs: Starting child process with pid 268
Jan 22, 2026 17:10:35.041 [123468142533432] DEBUG - [HCl#9] HTTP requesting GET https://plex.tv/api/v2/features?X-Plex-Token=xxxxxxxxxxxxxxxxxxxx
Jan 22, 2026 17:10:35.041 [123468150971192] DEBUG - [DatabaseFixups/29DatabaseFixupsSyncCollections] Collections: Found 0 collections tags in section 1.
Jan 22, 2026 17:10:35.041 [123468150971192] DEBUG - [DatabaseFixups/29DatabaseFixupsSyncCollections] Collections: We had 0 collections in the library already.
Jan 22, 2026 17:10:35.041 [123468150971192] DEBUG - [DatabaseFixups/29DatabaseFixupsSyncCollections] Collections: Synced tags in section 1 in 0ms.
Jan 22, 2026 17:10:35.046 [123468206873232] DEBUG - Waiting for server condition to be signaled.
Jan 22, 2026 17:10:35.047 [123468150971192] DEBUG - [DatabaseFixups/29DatabaseFixupsSyncCollections] Collections: Refreshed attributes for 0 collections in section 1 in 5ms.
Jan 22, 2026 17:10:35.047 [123468136205112] DEBUG - DVR: Starting up.
Jan 22, 2026 17:10:35.048 [123468150971192] DEBUG - [DatabaseFixups/29DatabaseFixupsSyncCollections] Collection: Refreshed visibility in section 1 in 0ms.
Jan 22, 2026 17:10:35.048 [123468150971192] DEBUG - [DatabaseFixups/29DatabaseFixupsSyncCollections] Collections: Found 0 collections tags in section 2.
Jan 22, 2026 17:10:35.048 [123468136205112] DEBUG - Activity: registered new activity 85705c55-177d-4e7e-b423-4bc5739c7669 - "Processing subscriptions"
Jan 22, 2026 17:10:35.048 [123468150971192] DEBUG - [DatabaseFixups/29DatabaseFixupsSyncCollections] Collections: We had 0 collections in the library already.
Jan 22, 2026 17:10:35.048 [123468150971192] DEBUG - [DatabaseFixups/29DatabaseFixupsSyncCollections] Collections: Synced tags in section 2 in 0ms.
Jan 22, 2026 17:10:35.048 [123468150971192] DEBUG - [DatabaseFixups/29DatabaseFixupsSyncCollections] Collections: Found 0 collections tags in section 2.
Jan 22, 2026 17:10:35.048 [123468150971192] DEBUG - [DatabaseFixups/29DatabaseFixupsSyncCollections] Collections: We had 0 collections in the library already.
Jan 22, 2026 17:10:35.048 [123468150971192] DEBUG - [DatabaseFixups/29DatabaseFixupsSyncCollections] Collections: Synced tags in section 2 in 0ms.
Jan 22, 2026 17:10:35.049 [123468138314552] DEBUG - PublicAddressManager: Obtaining public address and mapping port.
Jan 22, 2026 17:10:35.049 [123468150971192] DEBUG - [DatabaseFixups/29DatabaseFixupsSyncCollections] Collections: Found 0 collections tags in section 2.
Jan 22, 2026 17:10:35.049 [123468150971192] DEBUG - [DatabaseFixups/29DatabaseFixupsSyncCollections] Collections: We had 0 collections in the library already.
Jan 22, 2026 17:10:35.049 [123468150971192] DEBUG - [DatabaseFixups/29DatabaseFixupsSyncCollections] Collections: Synced tags in section 2 in 0ms.
Jan 22, 2026 17:10:35.051 [123468150971192] DEBUG - [DatabaseFixups/29DatabaseFixupsSyncCollections] Collections: Refreshed attributes for 0 collections in section 2 in 2ms.
Jan 22, 2026 17:10:35.052 [123468150971192] DEBUG - [DatabaseFixups/29DatabaseFixupsSyncCollections] Collection: Refreshed visibility in section 2 in 0ms.
Jan 22, 2026 17:10:35.052 [123468150971192] DEBUG - [DatabaseFixups/29DatabaseFixupsSyncCollections] Collections: Found 0 collections tags in section 3.
Jan 22, 2026 17:10:35.052 [123468150971192] DEBUG - [DatabaseFixups/29DatabaseFixupsSyncCollections] Collections: We had 0 collections in the library already.
Jan 22, 2026 17:10:35.052 [123468150971192] DEBUG - [DatabaseFixups/29DatabaseFixupsSyncCollections] Collections: Synced tags in section 3 in 0ms.
Jan 22, 2026 17:10:35.052 [123468150971192] DEBUG - [DatabaseFixups/29DatabaseFixupsSyncCollections] Collections: Found 0 collections tags in section 3.
Jan 22, 2026 17:10:35.052 [123468150971192] DEBUG - [DatabaseFixups/29DatabaseFixupsSyncCollections] Collections: We had 0 collections in the library already.
Jan 22, 2026 17:10:35.053 [123468150971192] DEBUG - [DatabaseFixups/29DatabaseFixupsSyncCollections] Collections: Synced tags in section 3 in 0ms.
Jan 22, 2026 17:10:35.053 [123468150971192] DEBUG - [DatabaseFixups/29DatabaseFixupsSyncCollections] Collections: Found 0 collections tags in section 3.
Jan 22, 2026 17:10:35.053 [123468150971192] DEBUG - [DatabaseFixups/29DatabaseFixupsSyncCollections] Collections: We had 0 collections in the library already.
Jan 22, 2026 17:10:35.053 [123468150971192] DEBUG - [DatabaseFixups/29DatabaseFixupsSyncCollections] Collections: Synced tags in section 3 in 1ms.
Jan 22, 2026 17:10:35.055 [123468150971192] DEBUG - [DatabaseFixups/29DatabaseFixupsSyncCollections] Collections: Refreshed attributes for 0 collections in section 3 in 1ms.
Jan 22, 2026 17:10:35.055 [123468150971192] DEBUG - [DatabaseFixups/29DatabaseFixupsSyncCollections] Collection: Refreshed visibility in section 3 in 0ms.
Jan 22, 2026 17:10:35.055 [123468150971192] DEBUG - [DatabaseFixups/29DatabaseFixupsSyncCollections] Fixup completed
Jan 22, 2026 17:10:35.055 [123468150971192] DEBUG - [DatabaseFixups/31DatabaseFixupsCleanupActivities] Executing fixup
Jan 22, 2026 17:10:35.056 [123468150971192] DEBUG - [DatabaseFixups/31DatabaseFixupsCleanupActivities] Fixup completed
Jan 22, 2026 17:10:35.056 [123468150971192] DEBUG - [DatabaseFixups/35DatabaseFixupsConsolidatePeopleTags] Executing fixup
Jan 22, 2026 17:10:35.057 [123468150971192] DEBUG - [DatabaseFixups/35DatabaseFixupsConsolidatePeopleTags] Fixup completed
Jan 22, 2026 17:10:35.057 [123468150971192] DEBUG - [DatabaseFixups/54DatabaseFixupsGarbageCollectTransientMetadataRelations] Executing fixup
Jan 22, 2026 17:10:35.057 [123468150971192] DEBUG - [DatabaseFixups/54DatabaseFixupsGarbageCollectTransientMetadataRelations] Fixup completed
Jan 22, 2026 17:10:35.057 [123468150971192] DEBUG - [DatabaseFixups/48DatabaseFixupsResetCorruptedMetadataItemClusters] Executing fixup
Jan 22, 2026 17:10:35.057 [123468150971192] DEBUG - [DatabaseFixups/48DatabaseFixupsResetCorruptedMetadataItemClusters] Fixup completed
Jan 22, 2026 17:10:35.057 [123468150971192] DEBUG - [DatabaseFixups] Running database fix-ups completed in 0.0 seconds.
Jan 22, 2026 17:10:35.077 [123468176505656] DEBUG - [HttpClient/HCl#4] HTTP/1.1 (0.0s) 200 response from GET http://127.0.0.1:34123/system/agents
Jan 22, 2026 17:10:35.078 [123468172065592] DEBUG - [com.plexapp.system] HTTP reply status 200, with 8986 bytes of content.
Jan 22, 2026 17:10:35.080 [123468172065592] DEBUG - The system knows about 12 agents.
Jan 22, 2026 17:10:35.081 [123468159408952] DEBUG - Starting plug-in /usr/lib/plexmediaserver/Resources/Plug-ins-f737b826c/LyricFind.bundle.
Jan 22, 2026 17:10:35.081 [123468129876792] DEBUG - Starting plug-in /usr/lib/plexmediaserver/Resources/Plug-ins-f737b826c/Media-Flags.bundle.
Jan 22, 2026 17:10:35.081 [123468131986232] DEBUG - Starting plug-in /usr/lib/plexmediaserver/Resources/Plug-ins-f737b826c/Musicbrainz.bundle.
Jan 22, 2026 17:10:35.082 [123468172065592] DEBUG - Waiting for 16 plug-ins to finish starting.
Jan 22, 2026 17:10:35.083 [123468129876792] DEBUG - Starting plug-in /usr/lib/plexmediaserver/Resources/Plug-ins-f737b826c/PlexThemeMusic.bundle.
Jan 22, 2026 17:10:35.083 [123468131986232] DEBUG - Perfect cache hit, we don't need to start [org.musicbrainz.agents.music] yet.
Jan 22, 2026 17:10:35.083 [123468131986232] DEBUG - Starting plug-in /usr/lib/plexmediaserver/Resources/Plug-ins-f737b826c/HTbackdrops.bundle.
Jan 22, 2026 17:10:35.085 [123468159408952] DEBUG - Perfect cache hit, we don't need to start [com.plexapp.agents.lyricfind] yet.
Jan 22, 2026 17:10:35.085 [123468159408952] DEBUG - Starting plug-in /usr/lib/plexmediaserver/Resources/Plug-ins-f737b826c/PersonalMedia.bundle.
Jan 22, 2026 17:10:35.085 [123468131986232] DEBUG - Perfect cache hit, we don't need to start [com.plexapp.agents.htbackdrops] yet.
Jan 22, 2026 17:10:35.086 [123468131986232] DEBUG - Starting plug-in /usr/lib/plexmediaserver/Resources/Plug-ins-f737b826c/TheTVDBv4.bundle.
Jan 22, 2026 17:10:35.086 [123468129876792] DEBUG - Perfect cache hit, we don't need to start [com.plexapp.agents.plexthememusic] yet.
Jan 22, 2026 17:10:35.086 [123468129876792] DEBUG - Starting plug-in /usr/lib/plexmediaserver/Resources/Plug-ins-f737b826c/WebClient.bundle.
Jan 22, 2026 17:10:35.089 [123468159408952] DEBUG - Perfect cache hit, we don't need to start [com.plexapp.agents.none] yet.
Jan 22, 2026 17:10:35.089 [123468159408952] DEBUG - Starting plug-in /usr/lib/plexmediaserver/Resources/Plug-ins-f737b826c/PlexMovie.bundle.
Jan 22, 2026 17:10:35.090 [123468129876792] DEBUG - Starting plug-in /usr/lib/plexmediaserver/Resources/Plug-ins-f737b826c/Scanners.bundle.
Jan 22, 2026 17:10:35.091 [123468131986232] DEBUG - Perfect cache hit, we don't need to start [com.plexapp.agents.thetvdb] yet.
Jan 22, 2026 17:10:35.091 [123468131986232] DEBUG - Starting plug-in /usr/lib/plexmediaserver/Resources/Plug-ins-f737b826c/LastFM.bundle.
Jan 22, 2026 17:10:35.092 [123468129876792] DEBUG - Starting plug-in /usr/lib/plexmediaserver/Resources/Plug-ins-f737b826c/TheMovieDB.bundle.
Jan 22, 2026 17:10:35.092 [123468159408952] DEBUG - Perfect cache hit, we don't need to start [com.plexapp.agents.imdb] yet.
Jan 22, 2026 17:10:35.092 [123468159408952] DEBUG - Starting plug-in /usr/lib/plexmediaserver/Resources/Plug-ins-f737b826c/LocalMedia.bundle.
Jan 22, 2026 17:10:35.094 [123468129876792] DEBUG - Perfect cache hit, we don't need to start [com.plexapp.agents.themoviedb] yet.
Jan 22, 2026 17:10:35.094 [123468129876792] DEBUG - Starting plug-in /usr/lib/plexmediaserver/Resources/Plug-ins-f737b826c/MoviePosterDB.bundle.
Jan 22, 2026 17:10:35.095 [123468159408952] DEBUG - Perfect cache hit, we don't need to start [com.plexapp.agents.localmedia] yet.
Jan 22, 2026 17:10:35.095 [123468159408952] DEBUG - Starting plug-in /usr/lib/plexmediaserver/Resources/Plug-ins-f737b826c/Framework.bundle.
Jan 22, 2026 17:10:35.097 [123468129876792] DEBUG - Perfect cache hit, we don't need to start [com.plexapp.agents.movieposterdb] yet.
Jan 22, 2026 17:10:35.097 [123468131986232] DEBUG - Perfect cache hit, we don't need to start [com.plexapp.agents.lastfm] yet.
Jan 22, 2026 17:10:35.097 [123468159408952] DEBUG - Starting plug-in /usr/lib/plexmediaserver/Resources/Plug-ins-f737b826c/Fanart-TV.bundle.
Jan 22, 2026 17:10:35.098 [123468159408952] DEBUG - Perfect cache hit, we don't need to start [com.plexapp.agents.fanarttv] yet.
Jan 22, 2026 17:10:35.098 [123468172065592] DEBUG - Starting scheduled updates, every 3600 seconds
Jan 22, 2026 17:10:35.098 [123468172065592] INFO - LibraryUpdateManager path watching is disabled
Jan 22, 2026 17:10:35.098 [123468172065592] DEBUG - Done waiting for all plug-ins to start.
Jan 22, 2026 17:10:35.098 [123468172065592] DEBUG - PluginRepository::setStartState: 3, complete
Jan 22, 2026 17:10:35.098 [123468119329592] DEBUG - Downloading document http://127.0.0.1:32400/:/plugins/com.plexapp.agents.imdb/prefs
Jan 22, 2026 17:10:35.099 [123468119329592] DEBUG - Translator: Found locale uk
Jan 22, 2026 17:10:35.099 [123468119329592] DEBUG - Translator: Found locale he
Jan 22, 2026 17:10:35.099 [123468119329592] DEBUG - Translator: Found locale lt
Jan 22, 2026 17:10:35.099 [123468119329592] DEBUG - Translator: Found locale pt
Jan 22, 2026 17:10:35.099 [123468119329592] DEBUG - Translator: Found locale cs_CZ
Jan 22, 2026 17:10:35.099 [123468119329592] DEBUG - Translator: Found locale hu
Jan 22, 2026 17:10:35.099 [123468119329592] DEBUG - Translator: Found locale ro
Jan 22, 2026 17:10:35.099 [123468119329592] DEBUG - Translator: Found locale af
Jan 22, 2026 17:10:35.099 [123468119329592] DEBUG - Translator: Found locale no
Jan 22, 2026 17:10:35.099 [123468119329592] DEBUG - Translator: Found locale es
Jan 22, 2026 17:10:35.099 [123468119329592] DEBUG - Translator: Found locale de
Jan 22, 2026 17:10:35.099 [123468119329592] DEBUG - Translator: Found locale en
Jan 22, 2026 17:10:35.099 [123468119329592] DEBUG - Translator: Found locale ar
Jan 22, 2026 17:10:35.099 [123468119329592] DEBUG - Translator: Found locale ko
Jan 22, 2026 17:10:35.099 [123468119329592] DEBUG - Translator: Found locale hr_HR
Jan 22, 2026 17:10:35.099 [123468119329592] DEBUG - Translator: Found locale zh_CN
Jan 22, 2026 17:10:35.099 [123468119329592] DEBUG - Translator: Found locale it
Jan 22, 2026 17:10:35.099 [123468119329592] DEBUG - Translator: Found locale sv
Jan 22, 2026 17:10:35.099 [123468119329592] DEBUG - Translator: Found locale fi
Jan 22, 2026 17:10:35.099 [123468119329592] DEBUG - Translator: Found locale ja_JP
Jan 22, 2026 17:10:35.099 [123468119329592] DEBUG - Translator: Found locale nl_BE
Jan 22, 2026 17:10:35.099 [123468119329592] DEBUG - Translator: Found locale hu_HU
Jan 22, 2026 17:10:35.099 [123468119329592] DEBUG - Translator: Found locale sr
Jan 22, 2026 17:10:35.099 [123468119329592] DEBUG - Translator: Found locale sk
Jan 22, 2026 17:10:35.099 [123468119329592] DEBUG - Translator: Found locale pt_BR
Jan 22, 2026 17:10:35.099 [123468119329592] DEBUG - Translator: Found locale nl
Jan 22, 2026 17:10:35.099 [123468119329592] DEBUG - Translator: Found locale et_EE
Jan 22, 2026 17:10:35.099 [123468119329592] DEBUG - Translator: Found locale fr
Jan 22, 2026 17:10:35.099 [123468119329592] DEBUG - Translator: Found locale sl
Jan 22, 2026 17:10:35.099 [123468119329592] DEBUG - Translator: Found locale ru
Jan 22, 2026 17:10:35.099 [123468119329592] DEBUG - Translator: Found locale da
Jan 22, 2026 17:10:35.099 [123468119329592] DEBUG - Translator: Found locale pl
Jan 22, 2026 17:10:35.104 [123468119329592] DEBUG - [Req#b] Starting file watcher for com.plexapp.agents.imdb
Jan 22, 2026 17:10:35.104 [123468119329592] DEBUG - [Req#b] Plugin: setting environment variable: 'PYTHONHOME=/usr/lib/plexmediaserver/Resources/Python'
Jan 22, 2026 17:10:35.104 [123468119329592] DEBUG - [Req#b] Plugin: setting environment variable: 'PYTHONPATH=/usr/lib/plexmediaserver/Resources/Python/python27.zip:/usr/lib/plexmediaserver/Resources/Python/lib/python2.7/site-packages'
Jan 22, 2026 17:10:35.105 [123468119329592] DEBUG - [Req#b] Spawned plug-in com.plexapp.agents.imdb with PID 303
Jan 22, 2026 17:10:35.105 [123468119329592] DEBUG - [Req#b] [com.plexapp.agents.imdb] Sending command: GET /:/prefixes
Jan 22, 2026 17:10:35.288 [123468176505656] DEBUG - [HttpClient/HCl#5] HTTP/1.1 (0.3s) 200 response from GET https://plex.tv/api/v2/user?includeSubscriptions=1&includeProviders=1 (reused)
Jan 22, 2026 17:10:35.289 [123468167846712] DEBUG - MyPlex: username is lucascnoman, login is lucas.noman7@gmail.com, home is 0, no pin
Jan 22, 2026 17:10:35.289 [123468161518392] DEBUG - [HCl#a] HTTP requesting GET https://plex.tv/api/v2/geoip
Jan 22, 2026 17:10:35.443 [123468176505656] DEBUG - [HttpClient/HCl#a] HTTP/1.1 (0.2s) 200 response from GET https://plex.tv/api/v2/geoip (reused)
Jan 22, 2026 17:10:35.444 [123468140423992] DEBUG - [HCl#b] HTTP requesting GET https://plex.tv/api/v2/server/webhooks?X-Plex-Token=xxxxxxxxxxxxxxxxxxxx
Jan 22, 2026 17:10:35.444 [123468189657912] DEBUG - [EventSourceClient/pubsub/172.104.216.125:443] Resolving 172.104.216.125 port 443
Jan 22, 2026 17:10:35.444 [123468189657912] DEBUG - [EventSourceClient/pubsub/172.104.216.125:443] Resolved 172.104.216.125 to 172.104.216.125:443
Jan 22, 2026 17:10:35.445 [123468161518392] DEBUG - [HCl#c] HTTP requesting GET https://plex.tv/api/v2/user/privacy?X-Plex-Token=xxxxxxxxxxxxxxxxxxxx
Jan 22, 2026 17:10:35.505 [123468176505656] DEBUG - [HttpClient/HCl#7] HTTP/1.1 (0.5s) 200 response from GET https://plex.tv/api/v2/release_channels?X-Plex-Token=xxxxxxxxxxxxxxxxxxxx
Jan 22, 2026 17:10:35.520 [123468176505656] DEBUG - [HttpClient/HCl#8] HTTP/1.1 (0.5s) 200 response from GET https://plex.tv/api/v2/user/privacy?X-Plex-Token=xxxxxxxxxxxxxxxxxxxx
Jan 22, 2026 17:10:35.538 [123468176505656] DEBUG - [HttpClient/HCl#6] HTTP/1.1 (0.5s) 200 response from GET https://v4.plex.tv/pms/:/ip
Jan 22, 2026 17:10:35.538 [123468180732728] DEBUG - PublicAddressManager: Got public IP from v4.plex.tv: 143.137.156.89
Jan 22, 2026 17:10:35.627 [123468176505656] DEBUG - [HttpClient/HCl#b] HTTP/1.1 (0.2s) 200 response from GET https://plex.tv/api/v2/server/webhooks?X-Plex-Token=xxxxxxxxxxxxxxxxxxxx (reused)
Jan 22, 2026 17:10:35.646 [123468176505656] DEBUG - [HttpClient/HCl#9] HTTP/1.1 (0.6s) 200 response from GET https://plex.tv/api/v2/features?X-Plex-Token=xxxxxxxxxxxxxxxxxxxx
Jan 22, 2026 17:10:35.647 [123468142533432] DEBUG - [HCl#d] HTTP requesting GET https://plex.tv/api/v2/server/users/features
Jan 22, 2026 17:10:35.805 [123468176505656] DEBUG - [HttpClient/HCl#d] HTTP/1.1 (0.2s) 200 response from GET https://plex.tv/api/v2/server/users/features (reused)
Jan 22, 2026 17:10:35.833 [123468191767352] DEBUG - [EventSourceClient/pubsub/172.104.216.125:443] Connected in 388 ms.
Jan 22, 2026 17:10:35.833 [123468191767352] DEBUG - [EventSourceClient/pubsub/172.104.216.125:443] Wrote data, reading reply.
Jan 22, 2026 17:10:35.916 [123468176505656] DEBUG - [HttpClient/HCl#c] HTTP/1.1 (0.5s) 200 response from GET https://plex.tv/api/v2/user/privacy?X-Plex-Token=xxxxxxxxxxxxxxxxxxxx
Jan 22, 2026 17:10:35.917 [123468161518392] DEBUG - [HCl#e] HTTP requesting GET https://plex.tv/api/v2/release_channels?X-Plex-Token=xxxxxxxxxxxxxxxxxxxx
Jan 22, 2026 17:10:35.927 [123468165737272] DEBUG - Request: [127.0.0.1:42382 (Loopback)] GET /system/messaging/clear_events/com.plexapp.agents.imdb (3 live) #9 GZIP Signed-in Token (lucascnoman)
Jan 22, 2026 17:10:35.928 [123468165737272] DEBUG - [Req#9] [com.plexapp.system] Sending command over HTTP (GET): /system/messaging/clear_events/com.plexapp.agents.imdb
Jan 22, 2026 17:10:35.928 [123468165737272] DEBUG - [Req#9/HCl#f] HTTP requesting GET http://127.0.0.1:34123/system/messaging/clear_events/com.plexapp.agents.imdb
Jan 22, 2026 17:10:35.958 [123468176505656] DEBUG - [HttpClient/HCl#f] HTTP/1.1 (0.0s) 200 response from GET http://127.0.0.1:34123/system/messaging/clear_events/com.plexapp.agents.imdb
Jan 22, 2026 17:10:35.958 [123468165737272] DEBUG - [Req#9] [com.plexapp.system] HTTP reply status 200, with 0 bytes of content.
Jan 22, 2026 17:10:35.959 [123468191767352] DEBUG - Completed: [127.0.0.1:42382] 200 GET /system/messaging/clear_events/com.plexapp.agents.imdb (3 live) #9 GZIP 31ms 280 bytes
Jan 22, 2026 17:10:36.001 [123468189657912] DEBUG - [EventSourceClient/pubsub/172.104.216.125:443] Read HTTP reply header.
Jan 22, 2026 17:10:36.001 [123468189657912] DEBUG - [EventSourceClient/pubsub/172.104.216.125:443] MyPlex: We appear to have regained Internet connectivity.
Jan 22, 2026 17:10:36.002 [123468189657912] DEBUG - [EventSourceClient/pubsub/172.104.216.125:443] PublicAddressManager: Obtaining public address and mapping port.
Jan 22, 2026 17:10:36.002 [123468189657912] DEBUG - [EventSourceClient/pubsub/172.104.216.125:443] MyPlex: async reachability check - current mapped state: 'Not Mapped'.
Jan 22, 2026 17:10:36.002 [123468189657912] WARN - [EventSourceClient/pubsub/172.104.216.125:443] MyPlex: attempted a reachability check but we're not yet mapped.
Jan 22, 2026 17:10:36.002 [123468189657912] DEBUG - [EventSourceClient/pubsub/172.104.216.125:443] Successfully connected to 172.104.216.125.
Jan 22, 2026 17:10:36.062 [123468165737272] DEBUG - Request: [127.0.0.1:42384 (Loopback)] GET /:/plugins/com.plexapp.system/resourceHashes (3 live) #c GZIP Signed-in Token (lucascnoman)
Jan 22, 2026 17:10:36.062 [123468165737272] DEBUG - [Req#c] [com.plexapp.system] Sending command over HTTP (GET): /:/plugins/com.plexapp.system/resourceHashes
Jan 22, 2026 17:10:36.062 [123468165737272] DEBUG - [Req#c/HCl#10] HTTP requesting GET http://127.0.0.1:34123/:/plugins/com.plexapp.system/resourceHashes
Jan 22, 2026 17:10:36.070 [123468176505656] DEBUG - [HttpClient/HCl#e] HTTP/1.1 (0.2s) 200 response from GET https://plex.tv/api/v2/release_channels?X-Plex-Token=xxxxxxxxxxxxxxxxxxxx (reused)
Jan 22, 2026 17:10:36.070 [123468161518392] DEBUG - [HCl#11] HTTP requesting GET https://plex.tv/api/v2/features?X-Plex-Token=xxxxxxxxxxxxxxxxxxxx
Jan 22, 2026 17:10:36.289 [123468176505656] DEBUG - [HttpClient/HCl#11] HTTP/1.1 (0.2s) 200 response from GET https://plex.tv/api/v2/features?X-Plex-Token=xxxxxxxxxxxxxxxxxxxx (reused)
Jan 22, 2026 17:10:36.292 [123468161518392] DEBUG - [HCl#12] HTTP requesting GET https://plex.tv/api/v2/server/users/features
Jan 22, 2026 17:10:36.451 [123468176505656] DEBUG - [HttpClient/HCl#12] HTTP/1.1 (0.2s) 200 response from GET https://plex.tv/api/v2/server/users/features (reused)
Jan 22, 2026 17:10:36.472 [123468161518392] DEBUG - CERT: Certificate will not expire soon; we'll check again in a week.
Jan 22, 2026 17:10:36.473 [123468114430776] DEBUG - MyPlex: sendMapping resetting state - previous mapping state: 'Not Mapped'.
Jan 22, 2026 17:10:36.473 [123468114430776] DEBUG - MyPlex: mapping state set to 'Unknown'.
Jan 22, 2026 17:10:36.475 [123468161518392] DEBUG - MyPlex: Updating device connections (from timer: 0)
Jan 22, 2026 17:10:36.475 [123468161518392] DEBUG - [HCl#13] HTTP requesting PUT https://plex.tv/devices/5e7f690a5d7aaebc45f52729540aadee813dd9f4?Connection[][uri]=http://192.168.1.100:32400&Connection[][uri]=http://172.17.0.1:32400&Connection[][uri]=http://172.18.0.1:32400&Connection[][uri]=http://172.19.0.1:32400&Connection[][uri]=http://172.20.0.1:32400&Connection[][uri]=http://[2804:98c:7032:d400:1e39:47ff:fe53:92f0]:32400&httpsEnabled=1&httpsRequired=0&dnsRebindingProtection=0&X-Plex-Token=xxxxxxxxxxxxxxxxxxxx
Jan 22, 2026 17:10:36.475 [123468114430776] DEBUG - MyPlex: Sending Server Info to myPlex (user=lucas.noman7@gmail.com, ip=, port=0)
Jan 22, 2026 17:10:36.475 [123468114430776] DEBUG - [HCl#14] HTTP requesting POST https://plex.tv/servers.xml?auth_token=xxxxxxxxxxxxxxxxxxxx
Jan 22, 2026 17:10:36.520 [123468176505656] DEBUG - [HttpClient/HCl#10] HTTP/1.1 (0.5s) 404 response from GET http://127.0.0.1:34123/:/plugins/com.plexapp.system/resourceHashes
Jan 22, 2026 17:10:36.521 [123468165737272] DEBUG - [Req#c] [com.plexapp.system] HTTP reply status 404, with 0 bytes of content.
Jan 22, 2026 17:10:36.521 [123468191767352] DEBUG - Completed: [127.0.0.1:42384] 404 GET /:/plugins/com.plexapp.system/resourceHashes (3 live) #c GZIP 459ms 261 bytes
Jan 22, 2026 17:10:36.534 [123468112051000] DEBUG - Request: [127.0.0.1:42388 (Loopback)] GET /:/plugins/com.plexapp.system/messaging/function/X0J1bmRsZVNlcnZpY2U6QWxsU2VydmljZXM_/Y2VyZWFsMQoxCmxpc3QKMApyMAo_/Y2VyZWFsMQoxCmRpY3QKMApyMAo_ (4 live) #e GZIP Signed-in Token (lucascnoman)
Jan 22, 2026 17:10:36.534 [123468165737272] DEBUG - Request: [127.0.0.1:42404 (Loopback)] GET / (4 live) #16 GZIP Signed-in Token (lucascnoman)
Jan 22, 2026 17:10:36.534 [123468112051000] DEBUG - [Req#e] [com.plexapp.system] Sending command over HTTP (GET): /:/plugins/com.plexapp.system/messaging/function/X0J1bmRsZVNlcnZpY2U6QWxsU2VydmljZXM_/Y2VyZWFsMQoxCmxpc3QKMApyMAo_/Y2VyZWFsMQoxCmRpY3QKMApyMAo_
Jan 22, 2026 17:10:36.534 [123468112051000] DEBUG - [Req#e/HCl#15] HTTP requesting GET http://127.0.0.1:34123/:/plugins/com.plexapp.system/messaging/function/X0J1bmRsZVNlcnZpY2U6QWxsU2VydmljZXM_/Y2VyZWFsMQoxCmxpc3QKMApyMAo_/Y2VyZWFsMQoxCmRpY3QKMApyMAo_
Jan 22, 2026 17:10:36.536 [123468191767352] DEBUG - Completed: [127.0.0.1:42404] 200 GET / (4 live) #16 GZIP 1ms 3958 bytes
Jan 22, 2026 17:10:36.538 [123468176505656] DEBUG - [HttpClient/HCl#15] HTTP/1.1 (0.0s) 200 response from GET http://127.0.0.1:34123/:/plugins/com.plexapp.system/messaging/function/X0J1bmRsZVNlcnZpY2U6QWxsU2VydmljZXM_/Y2VyZWFsMQoxCmxpc3QKMApyMAo_/Y2VyZWFsMQoxCmRpY3QKMApyMAo_
Jan 22, 2026 17:10:36.538 [123468112051000] DEBUG - [Req#e] [com.plexapp.system] HTTP reply status 200, with 516 bytes of content.
Jan 22, 2026 17:10:36.539 [123468191767352] DEBUG - Completed: [127.0.0.1:42388] 200 GET /:/plugins/com.plexapp.system/messaging/function/X0J1bmRsZVNlcnZpY2U6QWxsU2VydmljZXM_/Y2VyZWFsMQoxCmxpc3QKMApyMAo_/Y2VyZWFsMQoxCmRpY3QKMApyMAo_ (3 live) #e GZIP 5ms 746 bytes
Jan 22, 2026 17:10:36.642 [123468176505656] DEBUG - [HttpClient/HCl#13] HTTP/1.1 (0.2s) 200 response from PUT https://plex.tv/devices/5e7f690a5d7aaebc45f52729540aadee813dd9f4?Connection[][uri]=http://192.168.1.100:32400&Connection[][uri]=http://172.17.0.1:32400&Connection[][uri]=http://172.18.0.1:32400&Connection[][uri]=http://172.19.0.1:32400&Connection[][uri]=http://172.20.0.1:32400&Connection[][uri]=http://[2804:98c:7032:d400:1e39:47ff:fe53:92f0]:32400&httpsEnabled=1&httpsRequired=0&dnsRebindingProtection=0&X-Plex-Token=xxxxxxxxxxxxxxxxxxxx (reused)
Jan 22, 2026 17:10:36.642 [123468161518392] DEBUG - MyPlex: Update my mapping state on myPlex
Jan 22, 2026 17:10:36.726 [123468176505656] DEBUG - [HttpClient/HCl#14] HTTP/1.1 (0.2s) 422 response from POST https://plex.tv/servers.xml?auth_token=xxxxxxxxxxxxxxxxxxxx (reused)
Jan 22, 2026 17:10:36.726 [123468114430776] DEBUG - MyPlex: Published Mapping State response was 422
Jan 22, 2026 17:10:36.726 [123468114430776] DEBUG - MyPlex: Got response for 5e7f690a5d7aaebc45f52729540aadee813dd9f4 ~ registered :0
Jan 22, 2026 17:10:36.726 [123468114430776] DEBUG - MyPlex: updating mapped state - current state: 'Not Mapped'
Jan 22, 2026 17:10:36.726 [123468114430776] DEBUG - MyPlex: mapping state set to 'Not Mapped'.
Jan 22, 2026 17:10:36.726 [123468109941560] DEBUG - MyPlex: sendMapping resetting state - previous mapping state: 'Not Mapped'.
Jan 22, 2026 17:10:36.726 [123468109941560] DEBUG - MyPlex: mapping state set to 'Unknown'.
Jan 22, 2026 17:10:36.727 [123468109941560] DEBUG - MyPlex: Sending Server Info to myPlex (user=lucas.noman7@gmail.com, ip=, port=0)
Jan 22, 2026 17:10:36.727 [123468109941560] DEBUG - [HCl#16] HTTP requesting POST https://plex.tv/servers.xml?auth_token=xxxxxxxxxxxxxxxxxxxx
Jan 22, 2026 17:10:36.739 [123468189657912] DEBUG - [EventSourceClient/pubsub/172.104.216.125:443] EventSource: Got event [data] '<Message command="notifyFavoritesChange"/>'
Jan 22, 2026 17:10:36.763 [123468189657912] DEBUG - [EventSourceClient/pubsub/172.104.216.125:443] EventSource: Got event [data] '<Message command="notifyFavoritesChange"/>'
Jan 22, 2026 17:10:36.775 [123468189657912] DEBUG - [EventSourceClient/pubsub/172.104.216.125:443] EventSource: Got event [data] '<Message command="notifyFavoritesChange"/>'
Jan 22, 2026 17:10:36.897 [123468176505656] DEBUG - [HttpClient/HCl#16] HTTP/1.1 (0.2s) 422 response from POST https://plex.tv/servers.xml?auth_token=xxxxxxxxxxxxxxxxxxxx (reused)
Jan 22, 2026 17:10:36.898 [123468109941560] DEBUG - MyPlex: Published Mapping State response was 422
Jan 22, 2026 17:10:36.898 [123468109941560] DEBUG - MyPlex: Got response for 5e7f690a5d7aaebc45f52729540aadee813dd9f4 ~ registered :0
Jan 22, 2026 17:10:36.898 [123468109941560] DEBUG - MyPlex: updating mapped state - current state: 'Not Mapped'
Jan 22, 2026 17:10:36.898 [123468109941560] DEBUG - MyPlex: mapping state set to 'Not Mapped'.
Jan 22, 2026 17:10:37.126 [123468165737272] DEBUG - Request: [127.0.0.1:42406 (Loopback)] GET /:/plugins/com.plexapp.system/messaging/function/X0FnZW50U2VydmljZTpVcGRhdGVJbmZv/Y2VyZWFsMQoxCmxpc3QKMApyMAo_/Y2VyZWFsMQo3CmRpY3QKbGlzdApkaWN0Cmxpc3QKbGlzdApsaXN0Cmxpc3QKMgpzMjMKY29tLnBsZXhhcHAuYWdlbnRzLmltZGJzMTAKaWRlbnRpZmllcnIxCnMxMAphZ2VudF9pbmZvMQpyMgoxMApyMwpzMTEKbWVkaWFfdHlwZXNyNApzMTIKYWNjZXB0c19mcm9tbnMxNApmYWxsYmFja19hZ2VudHI1CnMxNApjb250cmlidXRlc190b3I2CnM5Cmxhbmd1YWdlc2IxczIwCnBlcnNpc3Rfc3RvcmVkX2ZpbGVzaTAKczcKdmVyc2lvbmIxczE2CnByaW1hcnlfcHJvdmlkZXJiMXM1CnByZWZzczE5ClBsZXggTW92aWUgKExlZ2FjeSlzNApuYW1lMQpzNQpNb3ZpZTEKczI5CmNvbS5wbGV4YXBwLmFnZW50cy5sb2NhbG1lZGlhMQpzMjkKY29tLnBsZXhhcHAuYWdlbnRzLnRoZW1vdmllZGIzMwpzMgplbnMyCnN2czIKZnJzMgplc3MyCm5sczIKZGVzMgppdHMyCmRhczIKYXJzMgpjYXMyCnpoczIKY3NzMgpldHMyCmZpczIKZWxzMgpoZXMyCmhpczIKaHVzMgppZHMyCmphczIKa29zMgpsdnMyCm5vczIKZmFzMgpwbHMyCnB0czIKcm9zMgpydXMyCnNrczIKdGhzMgp0cnMyCnVrczIKdmlyMAo_ (3 live) #17 GZIP Signed-in Token (lucascnoman)
Jan 22, 2026 17:10:37.126 [123468165737272] DEBUG - [Req#17] [com.plexapp.system] Sending command over HTTP (GET): /:/plugins/com.plexapp.system/messaging/function/X0FnZW50U2VydmljZTpVcGRhdGVJbmZv/Y2VyZWFsMQoxCmxpc3QKMApyMAo_/Y2VyZWFsMQo3CmRpY3QKbGlzdApkaWN0Cmxpc3QKbGlzdApsaXN0Cmxpc3QKMgpzMjMKY29tLnBsZXhhcHAuYWdlbnRzLmltZGJzMTAKaWRlbnRpZmllcnIxCnMxMAphZ2VudF9pbmZvMQpyMgoxMApyMwpzMTEKbWVkaWFfdHlwZXNyNApzMTIKYWNjZXB0c19mcm9tbnMxNApmYWxsYmFja19hZ2VudHI1CnMxNApjb250cmlidXRlc190b3I2CnM5Cmxhbmd1YWdlc2IxczIwCnBlcnNpc3Rfc3RvcmVkX2ZpbGVzaTAKczcKdmVyc2lvbmIxczE2CnByaW1hcnlfcHJvdmlkZXJiMXM1CnByZWZzczE5ClBsZXggTW92aWUgKExlZ2FjeSlzNApuYW1lMQpzNQpNb3ZpZTEKczI5CmNvbS5wbGV4YXBwLmFnZW50cy5sb2NhbG1lZGlhMQpzMjkKY29tLnBsZXhhcHAuYWdlbnRzLnRoZW1vdmllZGIzMwpzMgplbnMyCnN2czIKZnJzMgplc3MyCm5sczIKZGVzMgppdHMyCmRhczIKYXJzMgpjYXMyCnpoczIKY3NzMgpldHMyCmZpczIKZWxzMgpoZXMyCmhpczIKaHVzMgppZHMyCmphczIKa29zMgpsdnMyCm5vczIKZmFzMgpwbHMyCnB0czIKcm9zMgpydXMyCnNrczIKdGhzMgp0cnMyCnVrczIKdmlyMAo_
Jan 22, 2026 17:10:37.126 [123468165737272] DEBUG - [Req#17/HCl#17] HTTP requesting GET http://127.0.0.1:34123/:/plugins/com.plexapp.system/messaging/function/X0FnZW50U2VydmljZTpVcGRhdGVJbmZv/Y2VyZWFsMQoxCmxpc3QKMApyMAo_/Y2VyZWFsMQo3CmRpY3QKbGlzdApkaWN0Cmxpc3QKbGlzdApsaXN0Cmxpc3QKMgpzMjMKY29tLnBsZXhhcHAuYWdlbnRzLmltZGJzMTAKaWRlbnRpZmllcnIxCnMxMAphZ2VudF9pbmZvMQpyMgoxMApyMwpzMTEKbWVkaWFfdHlwZXNyNApzMTIKYWNjZXB0c19mcm9tbnMxNApmYWxsYmFja19hZ2VudHI1CnMxNApjb250cmlidXRlc190b3I2CnM5Cmxhbmd1YWdlc2IxczIwCnBlcnNpc3Rfc3RvcmVkX2ZpbGVzaTAKczcKdmVyc2lvbmIxczE2CnByaW1hcnlfcHJvdmlkZXJiMXM1CnByZWZzczE5ClBsZXggTW92aWUgKExlZ2FjeSlzNApuYW1lMQpzNQpNb3ZpZTEKczI5CmNvbS5wbGV4YXBwLmFnZW50cy5sb2NhbG1lZGlhMQpzMjkKY29tLnBsZXhhcHAuYWdlbnRzLnRoZW1vdmllZGIzMwpzMgplbnMyCnN2czIKZnJzMgplc3MyCm5sczIKZGVzMgppdHMyCmRhczIKYXJzMgpjYXMyCnpoczIKY3NzMgpldHMyCmZpczIKZWxzMgpoZXMyCmhpczIKaHVzMgppZHMyCmphczIKa29zMgpsdnMyCm5vczIKZmFzMgpwbHMyCnB0czIKcm9zMgpydXMyCnNrczIKdGhzMgp0cnMyCnVrczIKdmlyMAo_
Jan 22, 2026 17:10:37.132 [123468176505656] DEBUG - [HttpClient/HCl#17] HTTP/1.1 (0.0s) 200 response from GET http://127.0.0.1:34123/:/plugins/com.plexapp.system/messaging/function/X0FnZW50U2VydmljZTpVcGRhdGVJbmZv/Y2VyZWFsMQoxCmxpc3QKMApyMAo_/Y2VyZWFsMQo3CmRpY3QKbGlzdApkaWN0Cmxpc3QKbGlzdApsaXN0Cmxpc3QKMgpzMjMKY29tLnBsZXhhcHAuYWdlbnRzLmltZGJzMTAKaWRlbnRpZmllcnIxCnMxMAphZ2VudF9pbmZvMQpyMgoxMApyMwpzMTEKbWVkaWFfdHlwZXNyNApzMTIKYWNjZXB0c19mcm9tbnMxNApmYWxsYmFja19hZ2VudHI1CnMxNApjb250cmlidXRlc190b3I2CnM5Cmxhbmd1YWdlc2IxczIwCnBlcnNpc3Rfc3RvcmVkX2ZpbGVzaTAKczcKdmVyc2lvbmIxczE2CnByaW1hcnlfcHJvdmlkZXJiMXM1CnByZWZzczE5ClBsZXggTW92aWUgKExlZ2FjeSlzNApuYW1lMQpzNQpNb3ZpZTEKczI5CmNvbS5wbGV4YXBwLmFnZW50cy5sb2NhbG1lZGlhMQpzMjkKY29tLnBsZXhhcHAuYWdlbnRzLnRoZW1vdmllZGIzMwpzMgplbnMyCnN2czIKZnJzMgplc3MyCm5sczIKZGVzMgppdHMyCmRhczIKYXJzMgpjYXMyCnpoczIKY3NzMgpldHMyCmZpczIKZWxzMgpoZXMyCmhpczIKaHVzMgppZHMyCmphczIKa29zMgpsdnMyCm5vczIKZmFzMgpwbHMyCnB0czIKcm9zMgpydXMyCnNrczIKdGhzMgp0cnMyCnVrczIKdmlyMAo_
Jan 22, 2026 17:10:37.132 [123468165737272] DEBUG - [Req#17] [com.plexapp.system] HTTP reply status 200, with 16 bytes of content.
Jan 22, 2026 17:10:37.133 [123468191767352] DEBUG - Completed: [127.0.0.1:42406] 200 GET /:/plugins/com.plexapp.system/messaging/function/X0FnZW50U2VydmljZTpVcGRhdGVJbmZv/Y2VyZWFsMQoxCmxpc3QKMApyMAo_/Y2VyZWFsMQo3CmRpY3QKbGlzdApkaWN0Cmxpc3QKbGlzdApsaXN0Cmxpc3QKMgpzMjMKY29tLnBsZXhhcHAuYWdlbnRzLmltZGJzMTAKaWRlbnRpZmllcnIxCnMxMAphZ2VudF9pbmZvMQpyMgoxMApyMwpzMTEKbWVkaWFfdHlwZXNyNApzMTIKYWNjZXB0c19mcm9tbnMxNApmYWxsYmFja19hZ2VudHI1CnMxNApjb250cmlidXRlc190b3I2CnM5Cmxhbmd1YWdlc2IxczIwCnBlcnNpc3Rfc3RvcmVkX2ZpbGVzaTAKczcKdmVyc2lvbmIxczE2CnByaW1hcnlfcHJvdmlkZXJiMXM1CnByZWZzczE5ClBsZXggTW92aWUgKExlZ2FjeSlzNApuYW1lMQpzNQpNb3ZpZTEKczI5CmNvbS5wbGV4YXBwLmFnZW50cy5sb2NhbG1lZGlhMQpzMjkKY29tLnBsZXhhcHAuYWdlbnRzLnRoZW1vdmllZGIzMwpzMgplbnMyCnN2czIKZnJzMgplc3MyCm5sczIKZGVzMgppdHMyCmRhczIKYXJzMgpjYXMyCnpoczIKY3NzMgpldHMyCmZpczIKZWxzMgpoZXMyCmhpczIKaHVzMgppZHMyCmphczIKa29zMgpsdnMyCm5vczIKZmFzMgpwbHMyCnB0czIKcm9zMgpydXMyCnNrczIKdGhzMgp0cnMyCnVrczIKdmlyMAo_ (3 live) #17 GZIP 7ms 415 bytes
Jan 22, 2026 17:10:37.137 [123468119329592] DEBUG - [Req#b] Reading 148 bytes in the body, code is 200
Jan 22, 2026 17:10:37.137 [123468119329592] DEBUG - [Req#b] [com.plexapp.agents.imdb] Plug-in running on port 41357.
Jan 22, 2026 17:10:37.137 [123468119329592] DEBUG - [Req#b] Read configuration for [com.plexapp.agents.imdb], had 0 prefixes
Jan 22, 2026 17:10:37.138 [123468119329592] DEBUG - [Req#b] [com.plexapp.agents.imdb] Sending command over HTTP (GET): /:/plugins/com.plexapp.agents.imdb/prefs
Jan 22, 2026 17:10:37.138 [123468119329592] DEBUG - [Req#b/HCl#18] HTTP requesting GET http://127.0.0.1:41357/:/plugins/com.plexapp.agents.imdb/prefs
Jan 22, 2026 17:10:37.155 [123468176505656] DEBUG - [HttpClient/HCl#18] HTTP/1.1 (0.0s) 200 response from GET http://127.0.0.1:41357/:/plugins/com.plexapp.agents.imdb/prefs
Jan 22, 2026 17:10:37.155 [123468119329592] DEBUG - [Req#b] [com.plexapp.agents.imdb] HTTP reply status 200, with 2224 bytes of content.
Jan 22, 2026 17:10:37.155 [123468119329592] DEBUG - Caching document http://127.0.0.1:32400/:/plugins/com.plexapp.agents.imdb/prefs as fd558151ed92fc34e37a44f50604f93cc3a424ba
Jan 22, 2026 17:10:37.156 [123468119329592] DEBUG - IVA: Downloading trailer lists.
Jan 22, 2026 17:10:37.323 [123468119329592] DEBUG - IVA: Downloaded 8 trailers for source 1.
Jan 22, 2026 17:10:37.379 [123468119329592] DEBUG - IVA: Downloaded 28 trailers for source 2.
Jan 22, 2026 17:10:38.241 [123468199578424] DEBUG - NAT: UPnP, found device <http://192.168.1.1:38400/description.xml> with private address <192.168.1.100>
Jan 22, 2026 17:10:38.391 [123468199578424] DEBUG - NAT: UPnP, usable device <http://192.168.1.1:38400/description.xml> with private address <192.168.1.100>.
Jan 22, 2026 17:10:38.444 [123468178615096] DEBUG - [MediaProviderManager] Refreshing media providers
Jan 22, 2026 17:10:38.445 [123468178615096] DEBUG - [MediaProviderManager/Response::fetch/HCl#1b] HTTP requesting GET https://plex.tv/media/providers
Jan 22, 2026 17:10:38.458 [123468199578424] DEBUG - NAT: UPnP, mapped port 16043 to 192.168.1.100:32400.
Jan 22, 2026 17:10:38.458 [123468199578424] DEBUG - PublicAddressManager: Mapping succeeded for 192.168.1.100:16043.
Jan 22, 2026 17:10:38.460 [123468199578424] DEBUG - MyPlex: Updating device connections (from timer: 0)
Jan 22, 2026 17:10:38.461 [123468199578424] DEBUG - [HCl#1c] HTTP requesting PUT https://plex.tv/devices/5e7f690a5d7aaebc45f52729540aadee813dd9f4?Connection[][uri]=http://192.168.1.100:32400&Connection[][uri]=http://172.17.0.1:32400&Connection[][uri]=http://172.18.0.1:32400&Connection[][uri]=http://172.19.0.1:32400&Connection[][uri]=http://172.20.0.1:32400&Connection[][uri]=http://[2804:98c:7032:d400:1e39:47ff:fe53:92f0]:32400&httpsEnabled=1&httpsRequired=0&dnsRebindingProtection=0&natLoopbackSupported=0&X-Plex-Token=xxxxxxxxxxxxxxxxxxxx
Jan 22, 2026 17:10:38.652 [123468176505656] DEBUG - [HttpClient/HCl#1b] HTTP/1.1 (0.2s) 200 response from GET https://plex.tv/media/providers (reused)
Jan 22, 2026 17:10:38.653 [123468178615096] DEBUG - [MediaProviderManager] discovered cloud provider (Movies & Shows)
Jan 22, 2026 17:10:38.653 [123468178615096] DEBUG - [MediaProviderManager] discovered cloud provider (Metadata)
Jan 22, 2026 17:10:38.653 [123468178615096] DEBUG - [MediaProviderManager] loading cloud provider details (Metadata) (alive: 0)
Jan 22, 2026 17:10:38.653 [123468134095672] DEBUG - [MediaProviderManager/HCl#1f] HTTP requesting GET https://vod.provider.plex.tv?includePreferences=1
Jan 22, 2026 17:10:38.815 [123468178615096] DEBUG - [MediaProviderManager] loading cloud provider details (Movies & Shows) (alive: 0)
Jan 22, 2026 17:10:38.815 [123468178615096] DEBUG - [MediaProviderManager/HCl#22] HTTP requesting GET https://vod.provider.plex.tv?includePreferences=1
Jan 22, 2026 17:10:38.830 [123468176505656] DEBUG - [HttpClient/HCl#1f] HTTP/2.0 (0.2s) 200 response from GET https://vod.provider.plex.tv?includePreferences=1
Jan 22, 2026 17:10:38.846 [123468176505656] DEBUG - [HttpClient/HCl#22] HTTP/2.0 (0.0s) 200 response from GET https://vod.provider.plex.tv?includePreferences=1 (reused)
Jan 22, 2026 17:10:38.847 [123468178615096] DEBUG - [MediaProviderManager] we had 0 cloud providers online, we now have 2
Jan 22, 2026 17:10:38.847 [123468178615096] DEBUG - [MediaProviderManager] cloud provider (Metadata) is online and available
Jan 22, 2026 17:10:38.847 [123468178615096] DEBUG - [MediaProviderManager] cloud provider (Movies & Shows) is online and available
Jan 22, 2026 17:10:38.847 [123468178615096] DEBUG - [MediaProviderManager/MetadataAgentManager] Found media provider for agent provider 'tv.plex.agents.movie' with source URI 'provider://tv.plex.provider.metadata'
Jan 22, 2026 17:10:38.848 [123468178615096] DEBUG - [MediaProviderManager/MetadataAgentManager] Found media provider for agent provider 'tv.plex.agents.series' with source URI 'provider://tv.plex.provider.metadata'
Jan 22, 2026 17:10:38.848 [123468178615096] DEBUG - [MediaProviderManager/MetadataAgentManager] Found media provider for agent provider 'tv.plex.agents.music' with source URI 'provider://tv.plex.provider.metadata'
Jan 22, 2026 17:10:38.848 [123468178615096] DEBUG - [MediaProviderManager/MetadataAgentManager] Found media provider for agent provider 'org.musicbrainz.agents.music' with source URI 'provider://tv.plex.provider.metadata'
Jan 22, 2026 17:10:38.848 [123468178615096] DEBUG - [MediaProviderManager] Media provider refresh complete
Jan 22, 2026 17:10:38.933 [123468180732728] DEBUG - NAT: UPnP, found device <http://192.168.1.1:38400/description.xml> with private address <192.168.1.100>
Jan 22, 2026 17:10:38.953 [123468176505656] DEBUG - [HttpClient/HCl#1c] HTTP/1.1 (0.5s) 200 response from PUT https://plex.tv/devices/5e7f690a5d7aaebc45f52729540aadee813dd9f4?Connection[][uri]=http://192.168.1.100:32400&Connection[][uri]=http://172.17.0.1:32400&Connection[][uri]=http://172.18.0.1:32400&Connection[][uri]=http://172.19.0.1:32400&Connection[][uri]=http://172.20.0.1:32400&Connection[][uri]=http://[2804:98c:7032:d400:1e39:47ff:fe53:92f0]:32400&httpsEnabled=1&httpsRequired=0&dnsRebindingProtection=0&natLoopbackSupported=0&X-Plex-Token=xxxxxxxxxxxxxxxxxxxx
Jan 22, 2026 17:10:39.092 [123468180732728] DEBUG - NAT: UPnP, usable device <http://192.168.1.1:38400/description.xml> with private address <192.168.1.100>.
Jan 22, 2026 17:10:39.184 [123468180732728] DEBUG - NAT: UPnP, public address is 100.68.11.135
Jan 22, 2026 17:10:39.184 [123468180732728] DEBUG - PublicAddressManager: got WAN IP 100.68.11.135 from router
Jan 22, 2026 17:10:39.184 [123468180732728] WARN - PublicAddressManager: WAN IP on router does not match public IP from plex.tv
Jan 22, 2026 17:10:39.187 [123468180732728] DEBUG - [HCl#23] HTTP requesting GET https://143-137-156-89.1bac40021f47432f9c1841e656677f93.plex.direct:16043/identity
Jan 22, 2026 17:10:39.202 [123468191767352] WARN - [CERT] TLS connection from [::ffff:192.168.1.19]:62802 came in with unrecognized plex.direct SNI name '192-168-1-100.00615f9ab6a041afb0fb5234cb9b7bad.plex.direct'; using installed plex.direct cert
Jan 22, 2026 17:10:39.215 [123468189657912] DEBUG - CERT: incomplete TLS handshake from [::ffff:192.168.1.19]:62802: sslv3 alert certificate unknown (SSL routines)
Jan 22, 2026 17:10:39.220 [123468189657912] DEBUG - Auth: Refreshing tokens inside the token-based authentication filter.
Jan 22, 2026 17:10:39.221 [123468189657912] DEBUG - [HCl#24] HTTP requesting GET https://plex.tv/api/v2/server/access_tokens?auth_token=xxxxxxxxxxxxxxxxxxxx&unknownToken=xxxxxxxxxxxxxxxxxxxx
Jan 22, 2026 17:10:39.386 [123468176505656] DEBUG - [HttpClient/HCl#24] HTTP/1.1 (0.2s) 200 response from GET https://plex.tv/api/v2/server/access_tokens?auth_token=xxxxxxxxxxxxxxxxxxxx&unknownToken=xxxxxxxxxxxxxxxxxxxx (reused)
Jan 22, 2026 17:10:39.387 [123468189657912] DEBUG - MyPlex: updating with 6 access tokens
Jan 22, 2026 17:10:39.388 [123468189657912] DEBUG - [HCl#25] HTTP requesting GET https://plex.tv/api/v2/server/users?auth_token=xxxxxxxxxxxxxxxxxxxx
Jan 22, 2026 17:10:39.541 [123468176505656] DEBUG - [HttpClient/HCl#25] HTTP/1.1 (0.2s) 200 response from GET https://plex.tv/api/v2/server/users?auth_token=xxxxxxxxxxxxxxxxxxxx (reused)
Jan 22, 2026 17:10:39.543 [123468167846712] DEBUG - [HCl#26] HTTP requesting GET https://plex.tv/api/v2/server/users/subscriptions?auth_token=xxxxxxxxxxxxxxxxxxxx
Jan 22, 2026 17:10:39.717 [123468176505656] DEBUG - [HttpClient/HCl#26] HTTP/1.1 (0.2s) 200 response from GET https://plex.tv/api/v2/server/users/subscriptions?auth_token=xxxxxxxxxxxxxxxxxxxx (reused)
Jan 22, 2026 17:10:39.718 [123468167846712] DEBUG - MyPlex: no cached data to load for request for https://plex.tv/api/v2/server/users/services?auth_token=xxxxxxxxxxxxxxxxxxxx
Jan 22, 2026 17:10:39.718 [123468189657912] DEBUG - Auth: authenticating user as guest
Jan 22, 2026 17:10:39.719 [123468165737272] DEBUG - Request: [192.168.1.19:62803 (Subnet)] GET /media/providers (4 live) #23 GZIP Signed-in Token ()
Jan 22, 2026 17:10:40.035 [123468155190072] DEBUG - [NSB] NetworkServiceBrowser: SERVER arrived: 127.0.0.1 (lcn-home-server)
Jan 22, 2026 17:10:40.035 [123468155190072] DEBUG - [NSB] Notifying the system bundle an update to server /system/notify/serverUpdated?host=127.0.0.1
Jan 22, 2026 17:10:40.035 [123468155190072] DEBUG - [NSB] [com.plexapp.system] Sending command over HTTP (GET): /system/notify/serverUpdated?host=127.0.0.1
Jan 22, 2026 17:10:40.036 [123468155190072] DEBUG - [NSB/HCl#27] HTTP requesting GET http://127.0.0.1:34123/system/notify/serverUpdated?host=127.0.0.1
Jan 22, 2026 17:10:40.042 [123468112051000] DEBUG - Request: [127.0.0.1:34220 (Loopback)] GET /servers (5 live) #24 GZIP Signed-in Token (lucascnoman)
Jan 22, 2026 17:10:40.043 [123468191767352] DEBUG - Completed: [127.0.0.1:34220] 200 GET /servers (5 live) #24 GZIP 0ms 496 bytes
Jan 22, 2026 17:10:40.047 [123468176505656] DEBUG - [HttpClient/HCl#27] HTTP/1.1 (0.0s) 200 response from GET http://127.0.0.1:34123/system/notify/serverUpdated?host=127.0.0.1
Jan 22, 2026 17:10:40.047 [123468155190072] DEBUG - [NSB] [com.plexapp.system] HTTP reply status 200, with 0 bytes of content.
Jan 22, 2026 17:10:40.445 [123468138314552] DEBUG - [PubsubServerManager/process/HCl#28] HTTP requesting GET https://plex.tv/services/pubsub/servers
Jan 22, 2026 17:10:40.596 [123468176505656] DEBUG - [HttpClient/HCl#28] HTTP/1.1 (0.2s) 200 response from GET https://plex.tv/services/pubsub/servers (reused)
Jan 22, 2026 17:10:41.736 [123468138314552] DEBUG - [PubsubServerManager/process] Time to connect to 172.104.216.125 was 390 ms.
Jan 22, 2026 17:10:41.736 [123468138314552] DEBUG - [PubsubServerManager/process] Time to connect to 172.104.24.90 was 393 ms.
Jan 22, 2026 17:10:41.736 [123468138314552] DEBUG - [PubsubServerManager/process] Time to connect to 50.116.44.223 was 398 ms.
Jan 22, 2026 17:10:41.736 [123468138314552] DEBUG - [PubsubServerManager/process] Time to connect to 172.105.97.53 was 434 ms.
Jan 22, 2026 17:10:41.736 [123468138314552] DEBUG - [PubsubServerManager/process] Time to connect to 45.33.119.35 was 470 ms.
Jan 22, 2026 17:10:41.736 [123468138314552] DEBUG - [PubsubServerManager/process] Time to connect to 45.33.110.53 was 584 ms.
Jan 22, 2026 17:10:41.736 [123468138314552] DEBUG - [PubsubServerManager/process] Time to connect to 178.79.180.168 was 599 ms.
Jan 22, 2026 17:10:41.736 [123468138314552] DEBUG - [PubsubServerManager/process] Time to connect to 172.104.132.7 was 617 ms.
Jan 22, 2026 17:10:41.736 [123468138314552] DEBUG - [PubsubServerManager/process] Time to connect to 139.162.120.52 was 884 ms.
Jan 22, 2026 17:10:41.736 [123468138314552] DEBUG - [PubsubServerManager/process] Time to connect to 139.162.54.192 was 1139 ms.
Jan 22, 2026 17:10:41.737 [123468138314552] DEBUG - [PubsubServerManager/process] Updating best ping time for 172.104.216.125 to 390 ms.
Jan 22, 2026 17:10:42.190 [123468176505656] DEBUG - [HttpClient/HCl#23] HTTP simulating 408 after curl timeout
Jan 22, 2026 17:10:42.191 [123468189657912] DEBUG - Completed: [192.168.1.19:62803] 406 GET /media/providers (4 live) #23 GZIP 2471ms 390 bytes (pipelined: 1)
Jan 22, 2026 17:10:42.193 [123468180732728] DEBUG - MyPlex: mapping state set to 'Mapped - Not Published'.
Jan 22, 2026 17:10:42.193 [123468180732728] DEBUG - MyPlex: sendMapping resetting state - previous mapping state: 'Mapped - Not Published'.
Jan 22, 2026 17:10:42.193 [123468180732728] DEBUG - MyPlex: mapping state set to 'Unknown'.
Jan 22, 2026 17:10:42.199 [123468180732728] DEBUG - MyPlex: Sending Server Info to myPlex (user=lucas.noman7@gmail.com, ip=143.137.156.89, port=16043)
Jan 22, 2026 17:10:42.199 [123468180732728] DEBUG - [HCl#29] HTTP requesting POST https://plex.tv/servers.xml?auth_token=xxxxxxxxxxxxxxxxxxxx
Jan 22, 2026 17:10:42.388 [123468136205112] DEBUG - [MediaProviderManager] Refreshing media providers
Jan 22, 2026 17:10:42.389 [123468136205112] DEBUG - [MediaProviderManager/Response::fetch/HCl#2a] HTTP requesting GET https://plex.tv/media/providers
Jan 22, 2026 17:10:42.390 [123468176505656] DEBUG - [HttpClient/HCl#29] HTTP/1.1 (0.2s) 201 response from POST https://plex.tv/servers.xml?auth_token=xxxxxxxxxxxxxxxxxxxx (reused)
Jan 22, 2026 17:10:42.390 [123468180732728] DEBUG - MyPlex: Published Mapping State response was 201
Jan 22, 2026 17:10:42.390 [123468180732728] DEBUG - MyPlex: Got response for 5e7f690a5d7aaebc45f52729540aadee813dd9f4 ~ registered 143.137.156.89:16043
Jan 22, 2026 17:10:42.390 [123468180732728] DEBUG - MyPlex: updating mapped state - current state: 'Mapped - Not Published'
Jan 22, 2026 17:10:42.390 [123468180732728] DEBUG - MyPlex: mapping state set to 'Mapped - Publishing'.
Jan 22, 2026 17:10:42.390 [123468180732728] DEBUG - MyPlex: async reachability check - current mapped state: 'Mapped - Publishing'.
Jan 22, 2026 17:10:42.390 [123468180732728] DEBUG - MyPlex: Requesting reachability check.
Jan 22, 2026 17:10:42.391 [123468180732728] DEBUG - [HCl#2b] HTTP requesting PUT https://plex.tv/api/servers/5e7f690a5d7aaebc45f52729540aadee813dd9f4/connectivity?X-Plex-Token=xxxxxxxxxxxxxxxxxxxx&asyncIdentifier=d0a8972e-c729-4037-8ebd-ff30cb798a70
Jan 22, 2026 17:10:42.543 [123468176505656] DEBUG - [HttpClient/HCl#2a] HTTP/1.1 (0.2s) 200 response from GET https://plex.tv/media/providers (reused)
Jan 22, 2026 17:10:42.543 [123468176505656] DEBUG - [HttpClient/HCl#2b] HTTP/1.1 (0.2s) 200 response from PUT https://plex.tv/api/servers/5e7f690a5d7aaebc45f52729540aadee813dd9f4/connectivity?X-Plex-Token=xxxxxxxxxxxxxxxxxxxx&asyncIdentifier=d0a8972e-c729-4037-8ebd-ff30cb798a70 (reused)
Jan 22, 2026 17:10:42.543 [123468136205112] DEBUG - [MediaProviderManager] discovered cloud provider (Movies & Shows)
Jan 22, 2026 17:10:42.543 [123468136205112] DEBUG - [MediaProviderManager] discovered cloud provider (Metadata)
Jan 22, 2026 17:10:42.543 [123468136205112] DEBUG - [MediaProviderManager] loading cloud provider details (Metadata) (alive: 1)
Jan 22, 2026 17:10:42.543 [123468136205112] DEBUG - [MediaProviderManager] loading cloud provider details (Movies & Shows) (alive: 1)
Jan 22, 2026 17:10:42.543 [123468136205112] DEBUG - [MediaProviderManager] we had 2 cloud providers online, we now have 2
Jan 22, 2026 17:10:42.543 [123468136205112] DEBUG - [MediaProviderManager] cloud provider (Metadata) is online and available
Jan 22, 2026 17:10:42.543 [123468136205112] DEBUG - [MediaProviderManager] cloud provider (Movies & Shows) is online and available
Jan 22, 2026 17:10:42.543 [123468136205112] DEBUG - [MediaProviderManager] Media provider refresh complete
Jan 22, 2026 17:10:42.545 [123468180732728] DEBUG - MyPlex: Updating device connections (from timer: 0)
Jan 22, 2026 17:10:42.545 [123468180732728] DEBUG - [HCl#2c] HTTP requesting PUT https://plex.tv/devices/5e7f690a5d7aaebc45f52729540aadee813dd9f4?Connection[][uri]=http://143.137.156.89:16043&Connection[][uri]=http://192.168.1.100:32400&Connection[][uri]=http://172.17.0.1:32400&Connection[][uri]=http://172.18.0.1:32400&Connection[][uri]=http://172.19.0.1:32400&Connection[][uri]=http://172.20.0.1:32400&Connection[][uri]=http://[2804:98c:7032:d400:1e39:47ff:fe53:92f0]:32400&httpsEnabled=1&httpsRequired=0&dnsRebindingProtection=0&natLoopbackSupported=0&X-Plex-Token=xxxxxxxxxxxxxxxxxxxx
Jan 22, 2026 17:10:42.714 [123468176505656] DEBUG - [HttpClient/HCl#2c] HTTP/1.1 (0.2s) 200 response from PUT https://plex.tv/devices/5e7f690a5d7aaebc45f52729540aadee813dd9f4?Connection[][uri]=http://143.137.156.89:16043&Connection[][uri]=http://192.168.1.100:32400&Connection[][uri]=http://172.17.0.1:32400&Connection[][uri]=http://172.18.0.1:32400&Connection[][uri]=http://172.19.0.1:32400&Connection[][uri]=http://172.20.0.1:32400&Connection[][uri]=http://[2804:98c:7032:d400:1e39:47ff:fe53:92f0]:32400&httpsEnabled=1&httpsRequired=0&dnsRebindingProtection=0&natLoopbackSupported=0&X-Plex-Token=xxxxxxxxxxxxxxxxxxxx (reused)
Jan 22, 2026 17:10:43.022 [123468146752312] DEBUG - DVR:Device: Discovering and refreshing all devices.
Jan 22, 2026 17:10:43.023 [123468146752312] DEBUG - Grabber: HDHomerun discovered 0 compatible devices.
Jan 22, 2026 17:10:43.023 [123468146752312] DEBUG - [HCl#2d] HTTP requesting POST http://127.0.0.1:32600/devices/discover
Jan 22, 2026 17:10:44.211 [123468165737272] DEBUG - Request: [192.168.1.19:62826 (Subnet)] GET /media/providers (5 live) #25 GZIP Signed-in Token (lucascnoman)
Jan 22, 2026 17:10:44.211 [123468112051000] DEBUG - Request: [[2804:98c:7032:d400:ad20:d398:be49:306e]:62827 (Subnet)] GET /media/providers (5 live) #2f GZIP Signed-in Token (lucascnoman)
Jan 22, 2026 17:10:44.218 [123468191767352] DEBUG - Completed: [192.168.1.19:62826] 200 GET /media/providers (5 live) #25 GZIP 7ms 4392 bytes (pipelined: 1)
Jan 22, 2026 17:10:44.218 [123468189657912] DEBUG - Completed: [[2804:98c:7032:d400:ad20:d398:be49:306e]:62827] 200 GET /media/providers (5 live) #2f GZIP 6ms 4524 bytes (pipelined: 1)
Jan 22, 2026 17:10:44.232 [123468165737272] DEBUG - Request: [[2804:98c:7032:d400:ad20:d398:be49:306e]:62827 (Subnet)] GET /status/sessions (5 live) #34 GZIP Signed-in Token (lucascnoman)
Jan 22, 2026 17:10:44.233 [123468165737272] DEBUG - [Req#34] [Now] Adding 0 sessions.
Jan 22, 2026 17:10:44.234 [123468191767352] DEBUG - Completed: [[2804:98c:7032:d400:ad20:d398:be49:306e]:62827] 200 GET /status/sessions (5 live) #34 GZIP 2ms 482 bytes (pipelined: 2)
Jan 22, 2026 17:10:44.239 [123468112051000] DEBUG - Request: [[2804:98c:7032:d400:ad20:d398:be49:306e]:62832 (Subnet)] GET /updater/status (7 live) #30 GZIP Signed-in Token (lucascnoman)
Jan 22, 2026 17:10:44.239 [123468165737272] DEBUG - Request: [[2804:98c:7032:d400:ad20:d398:be49:306e]:62833 (Subnet)] GET /:/websockets/notifications (7 live) #36 GZIP Signed-in Token (lucascnoman)
Jan 22, 2026 17:10:44.241 [123468191767352] DEBUG - Completed: [[2804:98c:7032:d400:ad20:d398:be49:306e]:62832] 200 GET /updater/status (7 live) #30 GZIP 1ms 565 bytes (pipelined: 1)
Jan 22, 2026 17:10:44.247 [123468165737272] DEBUG - WebSocket: Performing handshake from origin http://192.168.1.100:32400
Jan 22, 2026 17:10:44.247 [123468165737272] DEBUG - Beginning read from WebSocket
Jan 22, 2026 17:10:44.253 [123468112051000] DEBUG - Request: [192.168.1.19:62826 (Subnet)] PUT /updater/check?download=0 (7 live) #33 GZIP Signed-in Token (lucascnoman)
Jan 22, 2026 17:10:44.253 [123468112051000] DEBUG - [Req#33] AutoUpdate: requesting check endpoint: /updater/products/5/check.xml?build=linux-x86_64&channel=16&distribution=debian&version=1.42.2.10156-f737b826c, download: NO
Jan 22, 2026 17:10:44.253 [123468112051000] DEBUG - [Req#33] Downloading document https://plex.tv/updater/products/5/check.xml?build=linux-x86_64&channel=16&distribution=debian&version=1.42.2.10156-f737b826c
Jan 22, 2026 17:10:44.253 [123468112051000] DEBUG - [Req#33/HCl#2e] HTTP requesting GET https://plex.tv/updater/products/5/check.xml?build=linux-x86_64&channel=16&distribution=debian&version=1.42.2.10156-f737b826c
Jan 22, 2026 17:10:44.402 [123468176505656] DEBUG - [HttpClient/HCl#2e] HTTP/1.1 (0.1s) 200 response from GET https://plex.tv/updater/products/5/check.xml?build=linux-x86_64&channel=16&distribution=debian&version=1.42.2.10156-f737b826c (reused)
Jan 22, 2026 17:10:44.402 [123468165737272] DEBUG - Request: [192.168.1.19:62837 (Subnet)] GET /activities (8 live) #37 GZIP Signed-in Token (lucascnoman)
Jan 22, 2026 17:10:44.402 [123468112051000] INFO - [Req#33] AutoUpdate: no updates available
Jan 22, 2026 17:10:44.403 [123468191767352] DEBUG - Completed: [192.168.1.19:62826] 200 PUT /updater/check?download=0 (8 live) #33 GZIP 150ms 327 bytes (pipelined: 2)
Jan 22, 2026 17:10:44.404 [123468191767352] DEBUG - Completed: [192.168.1.19:62837] 200 GET /activities (8 live) #37 GZIP 1ms 490 bytes (pipelined: 1)
Jan 22, 2026 17:10:45.049 [123468153080632] DEBUG - Grabber: Cleaning up orphaned grabs.
Jan 22, 2026 17:10:45.049 [123468153080632] DEBUG - Grabber: Cleaned up 0 decrepit directories in 0.0 sec.
Jan 22, 2026 17:10:45.050 [123468153080632] DEBUG - Activity: registered new activity 113fafd9-7682-45f1-9ed6-685f5b0f68f1 - "Processing subscriptions"
Jan 22, 2026 17:10:45.050 [123468153080632] DEBUG - Subscription: Scheduling subscriptions.
Jan 22, 2026 17:10:45.051 [123468153080632] DEBUG - Subscription: Initialized 0 schedulers.
Jan 22, 2026 17:10:45.051 [123468153080632] DEBUG - Subscription: Starting with 0 grabs, scheduled 0 active ones preemptively.
Jan 22, 2026 17:10:45.051 [123468153080632] DEBUG - Subscription: Scheduled all subscriptions in 0 ms.
Jan 22, 2026 17:10:45.051 [123468153080632] DEBUG - Activity: Ended activity 113fafd9-7682-45f1-9ed6-685f5b0f68f1.
Jan 22, 2026 17:10:45.052 [123468153080632] DEBUG - Subscription: There are 0 active grabs at the end.
Jan 22, 2026 17:10:45.052 [123468153080632] DEBUG - Activity: Ended activity 85705c55-177d-4e7e-b423-4bc5739c7669.
Jan 22, 2026 17:10:45.052 [123468153080632] DEBUG - Subscription: Refreshed all content in 3 ms.
Jan 22, 2026 17:10:45.315 [123468155190072] DEBUG - [NSB/SSDP] Parsing SSDP schema for http://192.168.1.1:38400/description.xml
Jan 22, 2026 17:10:45.321 [123468176505656] DEBUG - [HttpClient/HCl#2f] HTTP/1.1 (0.0s) 200 response from GET http://192.168.1.1:38400/description.xml
Jan 22, 2026 17:10:45.322 [123468155190072] DEBUG - [NSB/SSDP] found 3 SSDP devices via http://192.168.1.1:38400/description.xml
Jan 22, 2026 17:10:45.322 [123468155190072] DEBUG - [NSB/SSDP] SSDP arrived: 192.168.1.1 (PX3321-T1)
Jan 22, 2026 17:10:45.322 [123468155190072] DEBUG - [NSB/SSDP] SSDP arrived: 192.168.1.1 (WANDevice.1)
Jan 22, 2026 17:10:45.322 [123468155190072] DEBUG - [NSB/SSDP] SSDP arrived: 192.168.1.1 (WANConnectionDevice.1)
Jan 22, 2026 17:10:45.444 [123468123548472] DEBUG - [HCl#30] HTTP requesting GET https://plex.tv/api/resources.xml?includeHttps=1&includeRelay=1&auth_token=xxxxxxxxxxxxxxxxxxxx
Jan 22, 2026 17:10:45.465 [123468176505656] DEBUG - [HttpClient/HCl#2d] HTTP/1.1 (2.4s) 200 response from POST http://127.0.0.1:32600/devices/discover
Jan 22, 2026 17:10:45.668 [123468176505656] DEBUG - [HttpClient/HCl#30] HTTP/1.1 (0.2s) 200 response from GET https://plex.tv/api/resources.xml?includeHttps=1&includeRelay=1&auth_token=xxxxxxxxxxxxxxxxxxxx (reused)
Jan 22, 2026 17:10:45.669 [123468123548472] DEBUG - Connection Tester: Testing the server Storage with 2 URLs.
Jan 22, 2026 17:10:45.670 [123468123548472] DEBUG - [HCl#31] HTTP requesting GET https://192-168-1-100.00615f9ab6a041afb0fb5234cb9b7bad.plex.direct:32400
Jan 22, 2026 17:10:45.670 [123468123548472] DEBUG - [HCl#32] HTTP requesting GET https://186-195-143-131.00615f9ab6a041afb0fb5234cb9b7bad.plex.direct:26619
Jan 22, 2026 17:10:45.730 [123468189657912] WARN - [CERT] TLS connection from [::ffff:192.168.1.100]:58742 came in with unrecognized plex.direct SNI name '192-168-1-100.00615f9ab6a041afb0fb5234cb9b7bad.plex.direct'; using installed plex.direct cert
Jan 22, 2026 17:10:45.738 [123468176505656] WARN - [HttpClient/HCl#31] HTTP error requesting GET https://192-168-1-100.00615f9ab6a041afb0fb5234cb9b7bad.plex.direct:32400 (60, SSL peer certificate or SSH remote key was not OK) (SSL: no alternative certificate subject name matches target host name '192-168-1-100.00615f9ab6a041afb0fb5234cb9b7bad.plex.direct')
Jan 22, 2026 17:10:47.573 [123468189657912] DEBUG - [EventSourceClient/pubsub/172.104.216.125:443] EventSource: Got event [data] '<Message address="143.137.156.89" port="16043" asyncIdentifier="d0a8972e-c729-4037-8ebd-ff30cb798a70" connectivity="0" command="notifyConnectivity"/>'
Jan 22, 2026 17:10:47.573 [123468189657912] DEBUG - [EventSourceClient/pubsub/172.104.216.125:443] PubSub: Got notified of reachability for async identifier d0a8972e-c729-4037-8ebd-ff30cb798a70: 0 for 143.137.156.89:16043 (responded in 5029 ms)
Jan 22, 2026 17:10:47.573 [123468189657912] DEBUG - [EventSourceClient/pubsub/172.104.216.125:443] MyPlex: reachability check - current mapping state: 'Mapped - Publishing'.
Jan 22, 2026 17:10:47.573 [123468189657912] ERROR - [EventSourceClient/pubsub/172.104.216.125:443] MyPlex: mapping failed due to potential double NAT configuration
Jan 22, 2026 17:10:47.573 [123468189657912] DEBUG - [EventSourceClient/pubsub/172.104.216.125:443] MyPlex: mapping state set to 'Mapped - Not Published (Double NAT)'.
Jan 22, 2026 17:10:47.584 [123468112051000] DEBUG - Request: [192.168.1.19:62838 (Subnet)] GET /myplex/account (5 live) #48 GZIP Signed-in Token (lucascnoman)
Jan 22, 2026 17:10:47.586 [123468191767352] DEBUG - Completed: [192.168.1.19:62838] 200 GET /myplex/account (5 live) #48 GZIP 2ms 3159 bytes (pipelined: 1)
Jan 22, 2026 17:10:47.805 [123468176505656] WARN - [HttpClient/HCl#32] HTTP error requesting GET https://186-195-143-131.00615f9ab6a041afb0fb5234cb9b7bad.plex.direct:26619 (7, Couldn't connect to server) (Failed to connect to 186-195-143-131.00615f9ab6a041afb0fb5234cb9b7bad.plex.direct port 26619 after 2074 ms: Couldn't connect to server)
Jan 22, 2026 17:10:47.806 [123468119329592] WARN - Connection Tester: Error testing media server Storage in 2136 ms.
Jan 22, 2026 17:10:47.806 [123468119329592] DEBUG - PromiseQueue: promise resolved (queued: 0, active: 0)
Jan 22, 2026 17:10:47.806 [123468123548472] DEBUG - Media Server: Tested all servers in 2.1 seconds.
Jan 22, 2026 17:10:47.806 [123468123548472] DEBUG - [HCl#33] HTTP requesting GET /media/providers?includePreferences=1
Jan 22, 2026 17:10:47.807 [123468176505656] WARN - [HttpClient/HCl#33] HTTP error requesting GET /media/providers?includePreferences=1 (3, URL using bad/illegal format or missing URL) (URL rejected: No host part in the URL)
Jan 22, 2026 17:11:01.202 [123468189657912] DEBUG - Auth: Refreshing tokens inside the token-based authentication filter.
Jan 22, 2026 17:11:01.202 [123468191767352] WARN - [CERT] TLS connection from [::ffff:192.168.1.19]:62844 came in with unrecognized plex.direct SNI name '192-168-1-100.00615f9ab6a041afb0fb5234cb9b7bad.plex.direct'; using installed plex.direct cert
Jan 22, 2026 17:11:01.203 [123468189657912] DEBUG - [HCl#34] HTTP requesting GET https://plex.tv/api/v2/server/access_tokens?auth_token=xxxxxxxxxxxxxxxxxxxx&unknownToken=xxxxxxxxxxxxxxxxxxxx
Jan 22, 2026 17:11:01.212 [123468191767352] DEBUG - CERT: incomplete TLS handshake from [::ffff:192.168.1.19]:62844: sslv3 alert certificate unknown (SSL routines)
Jan 22, 2026 17:11:01.675 [123468176505656] DEBUG - [HttpClient/HCl#34] HTTP/1.1 (0.5s) 200 response from GET https://plex.tv/api/v2/server/access_tokens?auth_token=xxxxxxxxxxxxxxxxxxxx&unknownToken=xxxxxxxxxxxxxxxxxxxx
Jan 22, 2026 17:11:01.677 [123468189657912] DEBUG - MyPlex: updating with 6 access tokens
Jan 22, 2026 17:11:01.677 [123468189657912] DEBUG - [HCl#35] HTTP requesting GET https://plex.tv/api/v2/server/users?auth_token=xxxxxxxxxxxxxxxxxxxx
Jan 22, 2026 17:11:01.834 [123468176505656] DEBUG - [HttpClient/HCl#35] HTTP/1.1 (0.2s) 200 response from GET https://plex.tv/api/v2/server/users?auth_token=xxxxxxxxxxxxxxxxxxxx (reused)
Jan 22, 2026 17:11:01.834 [123468178615096] DEBUG - [HCl#36] HTTP requesting GET https://plex.tv/api/v2/server/users/subscriptions?auth_token=xxxxxxxxxxxxxxxxxxxx
Jan 22, 2026 17:11:01.987 [123468176505656] DEBUG - [HttpClient/HCl#36] HTTP/1.1 (0.2s) 200 response from GET https://plex.tv/api/v2/server/users/subscriptions?auth_token=xxxxxxxxxxxxxxxxxxxx (reused)
Jan 22, 2026 17:11:01.988 [123468178615096] DEBUG - MyPlex: no cached data to load for request for https://plex.tv/api/v2/server/users/services?auth_token=xxxxxxxxxxxxxxxxxxxx
Jan 22, 2026 17:11:01.988 [123468189657912] DEBUG - Auth: authenticating user as guest
Jan 22, 2026 17:11:01.988 [123468112051000] DEBUG - Request: [192.168.1.19:62845 (Subnet)] GET /media/providers (4 live) #51 GZIP Signed-in Token ()
Jan 22, 2026 17:11:01.988 [123468189657912] DEBUG - Completed: [192.168.1.19:62845] 406 GET /media/providers (4 live) #51 GZIP 0ms 390 bytes (pipelined: 1)
Jan 22, 2026 17:11:02.995 [123468136205112] DEBUG - [HCl#37] HTTP requesting GET https://plex.tv/api/v2/shared_sources/owned?machineIdentifier=5e7f690a5d7aaebc45f52729540aadee813dd9f4
Jan 22, 2026 17:11:03.145 [123468176505656] DEBUG - [HttpClient/HCl#37] HTTP/1.1 (0.2s) 200 response from GET https://plex.tv/api/v2/shared_sources/owned?machineIdentifier=5e7f690a5d7aaebc45f52729540aadee813dd9f4 (reused)
Jan 22, 2026 17:11:03.146 [123468136205112] DEBUG - [HCl#38] HTTP requesting GET https://plex.tv/api/v2/server/access_tokens?auth_token=xxxxxxxxxxxxxxxxxxxx
Jan 22, 2026 17:11:03.311 [123468176505656] DEBUG - [HttpClient/HCl#38] HTTP/1.1 (0.2s) 200 response from GET https://plex.tv/api/v2/server/access_tokens?auth_token=xxxxxxxxxxxxxxxxxxxx (reused)
Jan 22, 2026 17:11:03.315 [123468136205112] DEBUG - MyPlex: updating with 6 access tokens
Jan 22, 2026 17:11:03.315 [123468136205112] DEBUG - [HCl#39] HTTP requesting GET https://plex.tv/api/v2/server/users?auth_token=xxxxxxxxxxxxxxxxxxxx
Jan 22, 2026 17:11:03.484 [123468176505656] DEBUG - [HttpClient/HCl#39] HTTP/1.1 (0.2s) 200 response from GET https://plex.tv/api/v2/server/users?auth_token=xxxxxxxxxxxxxxxxxxxx (reused)
Jan 22, 2026 17:11:03.485 [123468178615096] DEBUG - [HCl#3a] HTTP requesting GET https://plex.tv/api/v2/server/users/subscriptions?auth_token=xxxxxxxxxxxxxxxxxxxx
Jan 22, 2026 17:11:03.640 [123468176505656] DEBUG - [HttpClient/HCl#3a] HTTP/1.1 (0.2s) 200 response from GET https://plex.tv/api/v2/server/users/subscriptions?auth_token=xxxxxxxxxxxxxxxxxxxx (reused)
Jan 22, 2026 17:11:03.641 [123468178615096] DEBUG - MyPlex: no cached data to load for request for https://plex.tv/api/v2/server/users/services?auth_token=xxxxxxxxxxxxxxxxxxxx
Jan 22, 2026 17:11:06.316 [123468134095672] DEBUG - [MediaProviderManager] Refreshing media providers
Jan 22, 2026 17:11:06.316 [123468134095672] DEBUG - [MediaProviderManager/Response::fetch/HCl#3b] HTTP requesting GET https://plex.tv/media/providers
Jan 22, 2026 17:11:06.472 [123468176505656] DEBUG - [HttpClient/HCl#3b] HTTP/1.1 (0.2s) 200 response from GET https://plex.tv/media/providers (reused)
Jan 22, 2026 17:11:06.472 [123468134095672] DEBUG - [MediaProviderManager] discovered cloud provider (Movies & Shows)
Jan 22, 2026 17:11:06.472 [123468134095672] DEBUG - [MediaProviderManager] discovered cloud provider (Metadata)
Jan 22, 2026 17:11:06.472 [123468134095672] DEBUG - [MediaProviderManager] loading cloud provider details (Metadata) (alive: 1)
Jan 22, 2026 17:11:06.472 [123468134095672] DEBUG - [MediaProviderManager] loading cloud provider details (Movies & Shows) (alive: 1)
Jan 22, 2026 17:11:06.472 [123468134095672] DEBUG - [MediaProviderManager] we had 2 cloud providers online, we now have 2
Jan 22, 2026 17:11:06.472 [123468134095672] DEBUG - [MediaProviderManager] cloud provider (Metadata) is online and available
Jan 22, 2026 17:11:06.472 [123468134095672] DEBUG - [MediaProviderManager] cloud provider (Movies & Shows) is online and available
Jan 22, 2026 17:11:06.472 [123468134095672] DEBUG - [MediaProviderManager] Media provider refresh complete
Jan 22, 2026 17:11:18.457 [123468112051000] DEBUG - Request: [192.168.1.19:62855 (Subnet)] GET /hubs/home/recentlyAdded?type=2&sectionID=2&contentDirectoryID=2&pinnedContentDirectoryID=1%2C2%2C3 (5 live) #52 Page 0-0 GZIP Signed-in Token (lucascnoman)
Jan 22, 2026 17:11:18.457 [123468180732728] DEBUG - Request: [192.168.1.19:62856 (Subnet)] GET /hubs/home/recentlyAdded?type=2&sectionID=3&contentDirectoryID=3&pinnedContentDirectoryID=1%2C2%2C3 (7 live) #55 Page 0-1 GZIP Signed-in Token (lucascnoman)
Jan 22, 2026 17:11:18.457 [123468178615096] DEBUG - Request: [192.168.1.19:62857 (Subnet)] GET /library/metadata/20 (7 live) #56 GZIP Signed-in Token (lucascnoman)
Jan 22, 2026 17:11:18.459 [123468167846712] DEBUG - Request: [192.168.1.19:62858 (Subnet)] GET /library/metadata/21 (7 live) #57 GZIP Signed-in Token (lucascnoman)
Jan 22, 2026 17:11:18.461 [123468180732728] WARN - [Req#55] QueryParser: Invalid field 'sectionID' found, ignoring.
Jan 22, 2026 17:11:18.461 [123468112051000] WARN - [Req#52] QueryParser: Invalid field 'sectionID' found, ignoring.
Jan 22, 2026 17:11:18.461 [123468112051000] WARN - [Req#52] QueryParser: Invalid field 'contentDirectoryID' found, ignoring.
Jan 22, 2026 17:11:18.461 [123468112051000] WARN - [Req#52] QueryParser: Invalid field 'pinnedContentDirectoryID' found, ignoring.
Jan 22, 2026 17:11:18.462 [123468180732728] WARN - [Req#55] QueryParser: Invalid field 'contentDirectoryID' found, ignoring.
Jan 22, 2026 17:11:18.463 [123468180732728] WARN - [Req#55] QueryParser: Invalid field 'pinnedContentDirectoryID' found, ignoring.
Jan 22, 2026 17:11:18.485 [123468178615096] DEBUG - [Req#56] It took 30.000000 ms to retrieve 236 items.
Jan 22, 2026 17:11:18.488 [123468112051000] DEBUG - Setting container serialization range to [0, 0] (total=-1)
Jan 22, 2026 17:11:18.490 [123468191767352] DEBUG - Completed: [192.168.1.19:62855] 200 GET /hubs/home/recentlyAdded?type=2&sectionID=2&contentDirectoryID=2&pinnedContentDirectoryID=1%2C2%2C3 (7 live) #52 GZIP Page 0-0 33ms 1131 bytes (pipelined: 1)
Jan 22, 2026 17:11:18.492 [123468180732728] DEBUG - [Req#55] It took 30.000000 ms to retrieve 236 items.
Jan 22, 2026 17:11:18.493 [123468180732728] DEBUG - Setting container serialization range to [0, 1] (total=-1)
Jan 22, 2026 17:11:18.493 [123468180732728] DEBUG - MetadataCounterCache: rebuilding full counter cache for totals
Jan 22, 2026 17:11:18.494 [123468180732728] DEBUG - MetadataCounterCache: rebuilding full counter cache for views
Jan 22, 2026 17:11:18.498 [123468191767352] DEBUG - Completed: [192.168.1.19:62858] 200 GET /library/metadata/21 (7 live) #57 GZIP 39ms 1353 bytes (pipelined: 1)
Jan 22, 2026 17:11:18.499 [123468180732728] DEBUG - There were 1 top-level paths for Attack on Titan.
Jan 22, 2026 17:11:18.500 [123468178615096] DEBUG - There were 1 top-level paths for Attack on Titan.
Jan 22, 2026 17:11:18.502 [123468191767352] DEBUG - Completed: [192.168.1.19:62856] 200 GET /hubs/home/recentlyAdded?type=2&sectionID=3&contentDirectoryID=3&pinnedContentDirectoryID=1%2C2%2C3 (7 live) #55 GZIP Page 0-1 45ms 13002 bytes (pipelined: 1)
Jan 22, 2026 17:11:18.503 [123468191767352] DEBUG - Completed: [192.168.1.19:62857] 200 GET /library/metadata/20 (7 live) #56 GZIP 45ms 13013 bytes (pipelined: 1)
Jan 22, 2026 17:11:18.522 [123468112051000] DEBUG - Request: [192.168.1.19:62857 (Subnet)] GET /photo/:/transcode?width=240&height=360&minSize=1&upscale=1&url=%2Flibrary%2Fmetadata%2F20%2Fthumb%2F1769101702%3FX-Plex-Token%3Dxxxxxxxxxxxxxxxxxxxx (7 live) #5c GZIP Signed-in Token (lucascnoman)
Jan 22, 2026 17:11:18.522 [123468112051000] DEBUG - [Req#5c/PhotoTranscoder] Request for url [/library/metadata/20/thumb/1769101702?X-Plex-Token=xxxxxxxxxxxxxxxxxxxx] (is local: 1 upscaled: 1)
Jan 22, 2026 17:11:18.528 [123468112051000] DEBUG - [Req#5c/PhotoTranscoder/Req#5d] It took 10.000000 ms to retrieve 236 items.
Jan 22, 2026 17:11:18.529 [123468112051000] DEBUG - [Req#5c/PhotoTranscoder/Req#5d] Calculated media file path for path [metadata://posters/tv.plex.agents.series_52019afdd7e9afc9748bb6ceabb365da6980ba1e]: ["/config/Library/Application Support/Plex Media Server/Metadata/TV Shows/9/a875a704c04d4533355d551554fb41149f96a59.bundle/Contents/_combined/posters/tv.plex.agents.series_52019afdd7e9afc9748bb6ceabb365da6980ba1e"]
Jan 22, 2026 17:11:18.529 [123468112051000] DEBUG - [Req#5c/PhotoTranscoder] Calling back into ourselves for photo to transcode, optimizing the process (status: -1)
Jan 22, 2026 17:11:18.529 [123468112051000] DEBUG - [Req#5c/PhotoTranscoder] Photo cache obtained 227520 bytes from /library/metadata/20/thumb/1769101702?X-Plex-Token=xxxxxxxxxxxxxxxxxxxx
Jan 22, 2026 17:11:18.584 [123468112051000] DEBUG - [Req#5c/PhotoTranscoder] Created thumbnail of size 240x360, has pixels: 1
Jan 22, 2026 17:11:18.590 [123468191767352] DEBUG - Completed: [192.168.1.19:62857] 200 GET /photo/:/transcode?width=240&height=360&minSize=1&upscale=1&url=%2Flibrary%2Fmetadata%2F20%2Fthumb%2F1769101702%3FX-Plex-Token%3Dxxxxxxxxxxxxxxxxxxxx (7 live) #5c GZIP 67ms 23119 bytes (pipelined: 2)
Jan 22, 2026 17:11:31.203 [123468191767352] WARN - [CERT] TLS connection from [::ffff:192.168.1.19]:62888 came in with unrecognized plex.direct SNI name '192-168-1-100.00615f9ab6a041afb0fb5234cb9b7bad.plex.direct'; using installed plex.direct cert
Jan 22, 2026 17:11:31.203 [123468189657912] DEBUG - Auth: Refreshing tokens inside the token-based authentication filter.
Jan 22, 2026 17:11:31.204 [123468189657912] DEBUG - [HCl#3c] HTTP requesting GET https://plex.tv/api/v2/server/access_tokens?auth_token=xxxxxxxxxxxxxxxxxxxx&unknownToken=xxxxxxxxxxxxxxxxxxxx
Jan 22, 2026 17:11:31.213 [123468191767352] DEBUG - CERT: incomplete TLS handshake from [::ffff:192.168.1.19]:62888: sslv3 alert certificate unknown (SSL routines)
Jan 22, 2026 17:11:31.708 [123468176505656] DEBUG - [HttpClient/HCl#3c] HTTP/1.1 (0.5s) 200 response from GET https://plex.tv/api/v2/server/access_tokens?auth_token=xxxxxxxxxxxxxxxxxxxx&unknownToken=xxxxxxxxxxxxxxxxxxxx
Jan 22, 2026 17:11:31.708 [123468189657912] DEBUG - MyPlex: updating with 6 access tokens
Jan 22, 2026 17:11:31.709 [123468189657912] DEBUG - [HCl#3d] HTTP requesting GET https://plex.tv/api/v2/server/users?auth_token=xxxxxxxxxxxxxxxxxxxx
Jan 22, 2026 17:11:31.867 [123468176505656] DEBUG - [HttpClient/HCl#3d] HTTP/1.1 (0.2s) 200 response from GET https://plex.tv/api/v2/server/users?auth_token=xxxxxxxxxxxxxxxxxxxx (reused)
Jan 22, 2026 17:11:31.868 [123468180732728] DEBUG - [HCl#3e] HTTP requesting GET https://plex.tv/api/v2/server/users/subscriptions?auth_token=xxxxxxxxxxxxxxxxxxxx
Jan 22, 2026 17:11:32.026 [123468176505656] DEBUG - [HttpClient/HCl#3e] HTTP/1.1 (0.2s) 200 response from GET https://plex.tv/api/v2/server/users/subscriptions?auth_token=xxxxxxxxxxxxxxxxxxxx (reused)
Jan 22, 2026 17:11:32.027 [123468180732728] DEBUG - MyPlex: no cached data to load for request for https://plex.tv/api/v2/server/users/services?auth_token=xxxxxxxxxxxxxxxxxxxx
Jan 22, 2026 17:11:32.027 [123468189657912] DEBUG - Auth: authenticating user as guest
Jan 22, 2026 17:11:32.027 [123468112051000] DEBUG - Request: [192.168.1.19:62889 (Subnet)] GET /media/providers (4 live) #65 GZIP Signed-in Token ()
Jan 22, 2026 17:11:32.029 [123468191767352] DEBUG - Completed: [192.168.1.19:62889] 406 GET /media/providers (4 live) #65 GZIP 1ms 390 bytes (pipelined: 1)
Jan 22, 2026 17:11:34.709 [123468153080632] DEBUG - [MediaProviderManager] Refreshing media providers
Jan 22, 2026 17:11:34.709 [123468153080632] DEBUG - [MediaProviderManager/Response::fetch/HCl#3f] HTTP requesting GET https://plex.tv/media/providers
Jan 22, 2026 17:11:34.889 [123468176505656] DEBUG - [HttpClient/HCl#3f] HTTP/1.1 (0.2s) 200 response from GET https://plex.tv/media/providers (reused)
Jan 22, 2026 17:11:34.889 [123468153080632] DEBUG - [MediaProviderManager] discovered cloud provider (Movies & Shows)
Jan 22, 2026 17:11:34.889 [123468153080632] DEBUG - [MediaProviderManager] discovered cloud provider (Metadata)
Jan 22, 2026 17:11:34.889 [123468153080632] DEBUG - [MediaProviderManager] loading cloud provider details (Metadata) (alive: 1)
Jan 22, 2026 17:11:34.889 [123468153080632] DEBUG - [MediaProviderManager] loading cloud provider details (Movies & Shows) (alive: 1)
Jan 22, 2026 17:11:34.889 [123468153080632] DEBUG - [MediaProviderManager] we had 2 cloud providers online, we now have 2
Jan 22, 2026 17:11:34.889 [123468153080632] DEBUG - [MediaProviderManager] cloud provider (Metadata) is online and available
Jan 22, 2026 17:11:34.889 [123468153080632] DEBUG - [MediaProviderManager] cloud provider (Movies & Shows) is online and available
Jan 22, 2026 17:11:34.889 [123468153080632] DEBUG - [MediaProviderManager] Media provider refresh complete
Jan 22, 2026 17:11:37.929 [123468191767352] DEBUG - Auth: authenticating user as guest
Jan 22, 2026 17:11:37.929 [123468112051000] DEBUG - Request: [172.20.0.2:44922 (WAN)] GET /status/sessions (4 live) #66 Page 0-499 Signed-in Token ()
Jan 22, 2026 17:11:37.930 [123468191767352] DEBUG - Completed: [172.20.0.2:44922] 401 GET /status/sessions (4 live) #66 Page 0-499 0ms 268 bytes
Jan 22, 2026 17:11:39.669 [123468191767352] DEBUG - Auth: Refreshing tokens inside the token-based authentication filter.
Jan 22, 2026 17:11:39.670 [123468191767352] DEBUG - [HCl#40] HTTP requesting GET https://plex.tv/api/v2/server/access_tokens?auth_token=xxxxxxxxxxxxxxxxxxxx&unknownToken=xxxxxxxxxxxxxxxxxxxx
Jan 22, 2026 17:11:39.841 [123468176505656] DEBUG - [HttpClient/HCl#40] HTTP/1.1 (0.2s) 200 response from GET https://plex.tv/api/v2/server/access_tokens?auth_token=xxxxxxxxxxxxxxxxxxxx&unknownToken=xxxxxxxxxxxxxxxxxxxx (reused)
Jan 22, 2026 17:11:39.841 [123468191767352] DEBUG - MyPlex: updating with 7 access tokens
Jan 22, 2026 17:11:39.842 [123468191767352] DEBUG - [HCl#41] HTTP requesting GET https://plex.tv/api/v2/server/users?auth_token=xxxxxxxxxxxxxxxxxxxx
Jan 22, 2026 17:11:39.999 [123468176505656] DEBUG - [HttpClient/HCl#41] HTTP/1.1 (0.2s) 200 response from GET https://plex.tv/api/v2/server/users?auth_token=xxxxxxxxxxxxxxxxxxxx (reused)
Jan 22, 2026 17:11:40.000 [123468180732728] DEBUG - [HCl#42] HTTP requesting GET https://plex.tv/api/v2/server/users/subscriptions?auth_token=xxxxxxxxxxxxxxxxxxxx
Jan 22, 2026 17:11:40.200 [123468176505656] DEBUG - [HttpClient/HCl#42] HTTP/1.1 (0.2s) 200 response from GET https://plex.tv/api/v2/server/users/subscriptions?auth_token=xxxxxxxxxxxxxxxxxxxx (reused)
Jan 22, 2026 17:11:40.201 [123468180732728] DEBUG - MyPlex: no cached data to load for request for https://plex.tv/api/v2/server/users/services?auth_token=xxxxxxxxxxxxxxxxxxxx
Jan 22, 2026 17:11:40.201 [123468191767352] DEBUG - Auth: authenticated user 1 as lucascnoman
Jan 22, 2026 17:11:40.201 [123468112051000] DEBUG - Request: [172.20.0.2:44926 (WAN)] GET /status/sessions (4 live) #69 Page 0-499 Signed-in Token (lucascnoman)
Jan 22, 2026 17:11:40.201 [123468112051000] DEBUG - [Req#69] [Now] Adding 0 sessions.
Jan 22, 2026 17:11:40.201 [123468112051000] DEBUG - Setting container serialization range to [0, 499] (total=-1)
Jan 22, 2026 17:11:40.202 [123468191767352] DEBUG - Completed: [172.20.0.2:44926] 200 GET /status/sessions (4 live) #69 Page 0-499 0ms 348 bytes
Jan 22, 2026 17:11:40.206 [123468112051000] DEBUG - Request: [172.20.0.2:51636 (WAN)] GET /library/sections (4 live) #6b Page 0-499 Signed-in Token (lucascnoman)
Jan 22, 2026 17:11:40.207 [123468112051000] DEBUG - Setting container serialization range to [0, 499] (total=-1)
Jan 22, 2026 17:11:40.207 [123468191767352] DEBUG - Completed: [172.20.0.2:51636] 200 GET /library/sections (4 live) #6b Page 0-499 1ms 1617 bytes
Jan 22, 2026 17:11:40.214 [123468112051000] DEBUG - Request: [172.20.0.2:51638 (WAN)] GET /library/sections/1/all (6 live) #6d Page 0-499 Signed-in Token (lucascnoman)
Jan 22, 2026 17:11:40.214 [123468178615096] DEBUG - Request: [172.20.0.2:51652 (WAN)] GET /library/sections/3/all (6 live) #6f Page 0-499 Signed-in Token (lucascnoman)
Jan 22, 2026 17:11:40.214 [123468167846712] DEBUG - Request: [172.20.0.2:51664 (WAN)] GET /library/sections/2/all (6 live) #70 Page 0-499 Signed-in Token (lucascnoman)
Jan 22, 2026 17:11:40.218 [123468178615096] DEBUG - [Req#6f] Setting container serialization range to [0, 499] (total=-1)
Jan 22, 2026 17:11:40.218 [123468167846712] DEBUG - [Req#70] Setting container serialization range to [0, 499] (total=-1)
Jan 22, 2026 17:11:40.218 [123468112051000] DEBUG - [Req#6d] Setting container serialization range to [0, 499] (total=-1)
Jan 22, 2026 17:11:40.224 [123468191767352] DEBUG - Completed: [172.20.0.2:51638] 200 GET /library/sections/1/all (6 live) #6d Page 0-499 11ms 723 bytes
Jan 22, 2026 17:11:40.226 [123468189657912] DEBUG - Completed: [172.20.0.2:51652] 200 GET /library/sections/3/all (5 live) #6f Page 0-499 12ms 2198 bytes
Jan 22, 2026 17:11:40.226 [123468189657912] DEBUG - Completed: [172.20.0.2:51664] 200 GET /library/sections/2/all (5 live) #70 Page 0-499 11ms 2435 bytes
Jan 22, 2026 17:11:42.842 [123468119329592] DEBUG - [MediaProviderManager] Refreshing media providers
Jan 22, 2026 17:11:42.843 [123468119329592] DEBUG - [MediaProviderManager/Response::fetch/HCl#43] HTTP requesting GET https://plex.tv/media/providers
Jan 22, 2026 17:11:43.002 [123468176505656] DEBUG - [HttpClient/HCl#43] HTTP/1.1 (0.2s) 200 response from GET https://plex.tv/media/providers (reused)
Jan 22, 2026 17:11:43.002 [123468119329592] DEBUG - [MediaProviderManager] discovered cloud provider (Movies & Shows)
Jan 22, 2026 17:11:43.002 [123468119329592] DEBUG - [MediaProviderManager] discovered cloud provider (Metadata)
Jan 22, 2026 17:11:43.002 [123468119329592] DEBUG - [MediaProviderManager] loading cloud provider details (Metadata) (alive: 1)
Jan 22, 2026 17:11:43.002 [123468119329592] DEBUG - [MediaProviderManager] loading cloud provider details (Movies & Shows) (alive: 1)
Jan 22, 2026 17:11:43.002 [123468119329592] DEBUG - [MediaProviderManager] we had 2 cloud providers online, we now have 2
Jan 22, 2026 17:11:43.002 [123468119329592] DEBUG - [MediaProviderManager] cloud provider (Metadata) is online and available
Jan 22, 2026 17:11:43.002 [123468119329592] DEBUG - [MediaProviderManager] cloud provider (Movies & Shows) is online and available
Jan 22, 2026 17:11:43.002 [123468119329592] DEBUG - [MediaProviderManager] Media provider refresh complete
Jan 22, 2026 17:11:44.673 [123468178615096] DEBUG - Request: [172.20.0.2:51666 (WAN)] GET /status/sessions (4 live) #71 Page 0-499 Signed-in Token (lucascnoman)
Jan 22, 2026 17:11:44.673 [123468178615096] DEBUG - [Req#71] [Now] Adding 0 sessions.
Jan 22, 2026 17:11:44.673 [123468178615096] DEBUG - Setting container serialization range to [0, 499] (total=-1)
Jan 22, 2026 17:11:44.673 [123468189657912] DEBUG - Completed: [172.20.0.2:51666] 200 GET /status/sessions (4 live) #71 Page 0-499 0ms 348 bytes
Jan 22, 2026 17:11:49.701 [123468167846712] DEBUG - Request: [172.20.0.2:51678 (WAN)] GET /status/sessions (4 live) #75 Page 0-499 Signed-in Token (lucascnoman)
Jan 22, 2026 17:11:49.701 [123468167846712] DEBUG - [Req#75] [Now] Adding 0 sessions.
Jan 22, 2026 17:11:49.701 [123468167846712] DEBUG - Setting container serialization range to [0, 499] (total=-1)
Jan 22, 2026 17:11:49.702 [123468189657912] DEBUG - Completed: [172.20.0.2:51678] 200 GET /status/sessions (4 live) #75 Page 0-499 0ms 348 bytes
Jan 22, 2026 17:11:49.843 [123468136205112] DEBUG - [HCl#44] HTTP requesting GET https://plex.tv/api/v2/features?X-Plex-Token=xxxxxxxxxxxxxxxxxxxx
Jan 22, 2026 17:11:50.097 [123468176505656] DEBUG - [HttpClient/HCl#44] HTTP/1.1 (0.3s) 200 response from GET https://plex.tv/api/v2/features?X-Plex-Token=xxxxxxxxxxxxxxxxxxxx (reused)
Jan 22, 2026 17:11:50.100 [123468136205112] DEBUG - [HCl#45] HTTP requesting GET https://plex.tv/api/v2/server/users/features
Jan 22, 2026 17:11:50.265 [123468176505656] DEBUG - [HttpClient/HCl#45] HTTP/1.1 (0.2s) 200 response from GET https://plex.tv/api/v2/server/users/features (reused)
Jan 22, 2026 17:12:01.205 [123468189657912] DEBUG - Auth: Refreshing tokens inside the token-based authentication filter.
Jan 22, 2026 17:12:01.206 [123468189657912] DEBUG - [HCl#46] HTTP requesting GET https://plex.tv/api/v2/server/access_tokens?auth_token=xxxxxxxxxxxxxxxxxxxx&unknownToken=xxxxxxxxxxxxxxxxxxxx
Jan 22, 2026 17:12:01.732 [123468176505656] DEBUG - [HttpClient/HCl#46] HTTP/1.1 (0.5s) 200 response from GET https://plex.tv/api/v2/server/access_tokens?auth_token=xxxxxxxxxxxxxxxxxxxx&unknownToken=xxxxxxxxxxxxxxxxxxxx
Jan 22, 2026 17:12:01.734 [123468189657912] DEBUG - MyPlex: updating with 7 access tokens
Jan 22, 2026 17:12:01.734 [123468189657912] DEBUG - [HCl#47] HTTP requesting GET https://plex.tv/api/v2/server/users?auth_token=xxxxxxxxxxxxxxxxxxxx
Jan 22, 2026 17:12:01.898 [123468176505656] DEBUG - [HttpClient/HCl#47] HTTP/1.1 (0.2s) 200 response from GET https://plex.tv/api/v2/server/users?auth_token=xxxxxxxxxxxxxxxxxxxx (reused)
Jan 22, 2026 17:12:01.899 [123468180732728] DEBUG - [HCl#48] HTTP requesting GET https://plex.tv/api/v2/server/users/subscriptions?auth_token=xxxxxxxxxxxxxxxxxxxx
Jan 22, 2026 17:12:01.972 [123468191767352] WARN - [CERT] TLS connection from [::ffff:192.168.1.19]:62943 came in with unrecognized plex.direct SNI name '192-168-1-100.00615f9ab6a041afb0fb5234cb9b7bad.plex.direct'; using installed plex.direct cert
Jan 22, 2026 17:12:01.980 [123468191767352] DEBUG - CERT: incomplete TLS handshake from [::ffff:192.168.1.19]:62943: sslv3 alert certificate unknown (SSL routines)
Jan 22, 2026 17:12:02.096 [123468176505656] DEBUG - [HttpClient/HCl#48] HTTP/1.1 (0.2s) 200 response from GET https://plex.tv/api/v2/server/users/subscriptions?auth_token=xxxxxxxxxxxxxxxxxxxx (reused)
Jan 22, 2026 17:12:02.096 [123468180732728] DEBUG - MyPlex: no cached data to load for request for https://plex.tv/api/v2/server/users/services?auth_token=xxxxxxxxxxxxxxxxxxxx
Jan 22, 2026 17:12:02.097 [123468189657912] DEBUG - Auth: authenticating user as guest
Jan 22, 2026 17:12:02.097 [123468167846712] DEBUG - Request: [192.168.1.19:62940 (Subnet)] GET /media/providers (4 live) #77 GZIP Signed-in Token ()
Jan 22, 2026 17:12:02.097 [123468189657912] DEBUG - Completed: [192.168.1.19:62940] 406 GET /media/providers (4 live) #77 GZIP 0ms 390 bytes (pipelined: 1)
Jan 22, 2026 17:12:04.734 [123468153080632] DEBUG - [MediaProviderManager] Refreshing media providers
Jan 22, 2026 17:12:04.735 [123468153080632] DEBUG - [MediaProviderManager/Response::fetch/HCl#49] HTTP requesting GET https://plex.tv/media/providers
Jan 22, 2026 17:12:04.902 [123468176505656] DEBUG - [HttpClient/HCl#49] HTTP/1.1 (0.2s) 200 response from GET https://plex.tv/media/providers (reused)
Jan 22, 2026 17:12:04.903 [123468153080632] DEBUG - [MediaProviderManager] discovered cloud provider (Movies & Shows)
Jan 22, 2026 17:12:04.903 [123468153080632] DEBUG - [MediaProviderManager] discovered cloud provider (Metadata)
Jan 22, 2026 17:12:04.903 [123468153080632] DEBUG - [MediaProviderManager] loading cloud provider details (Metadata) (alive: 1)
Jan 22, 2026 17:12:04.903 [123468153080632] DEBUG - [MediaProviderManager] loading cloud provider details (Movies & Shows) (alive: 1)
Jan 22, 2026 17:12:04.903 [123468153080632] DEBUG - [MediaProviderManager] we had 2 cloud providers online, we now have 2
Jan 22, 2026 17:12:04.903 [123468153080632] DEBUG - [MediaProviderManager] cloud provider (Metadata) is online and available
Jan 22, 2026 17:12:04.903 [123468153080632] DEBUG - [MediaProviderManager] cloud provider (Movies & Shows) is online and available
Jan 22, 2026 17:12:04.903 [123468153080632] DEBUG - [MediaProviderManager] Media provider refresh complete
Jan 22, 2026 17:12:10.778 [123468167846712] DEBUG - Request: [172.20.0.2:45344 (WAN)] GET /status/sessions (4 live) #7b Page 0-499 Signed-in Token (lucascnoman)
Jan 22, 2026 17:12:10.778 [123468167846712] DEBUG - [Req#7b] [Now] Adding 0 sessions.
Jan 22, 2026 17:12:10.778 [123468167846712] DEBUG - Setting container serialization range to [0, 499] (total=-1)
Jan 22, 2026 17:12:10.778 [123468189657912] DEBUG - Completed: [172.20.0.2:45344] 200 GET /status/sessions (4 live) #7b Page 0-499 0ms 348 bytes
Jan 22, 2026 17:12:16.215 [123468167846712] DEBUG - Request: [172.20.0.2:45352 (WAN)] GET /status/sessions (4 live) #7e Page 0-499 Signed-in Token (lucascnoman)
Jan 22, 2026 17:12:16.215 [123468167846712] DEBUG - [Req#7e] [Now] Adding 0 sessions.
Jan 22, 2026 17:12:16.215 [123468167846712] DEBUG - Setting container serialization range to [0, 499] (total=-1)
Jan 22, 2026 17:12:16.216 [123468189657912] DEBUG - Completed: [172.20.0.2:45352] 200 GET /status/sessions (4 live) #7e Page 0-499 0ms 348 bytes
Jan 22, 2026 17:12:28.416 [123468167846712] DEBUG - Request: [172.20.0.2:55918 (WAN)] GET /status/sessions (3 live) #80 Page 0-499 Signed-in Token (lucascnoman)
Jan 22, 2026 17:12:28.416 [123468167846712] DEBUG - [Req#80] [Now] Adding 0 sessions.
Jan 22, 2026 17:12:28.416 [123468167846712] DEBUG - Setting container serialization range to [0, 499] (total=-1)
Jan 22, 2026 17:12:28.416 [123468191767352] DEBUG - Completed: [172.20.0.2:55918] 200 GET /status/sessions (3 live) #80 Page 0-499 0ms 348 bytes
Jan 22, 2026 17:12:32.840 [123468180732728] DEBUG - BPQ: [Starting] -> [Processing]
Jan 22, 2026 17:12:32.841 [123468180732728] DEBUG - BPQ: generating queue items from 0 generator(s)
Jan 22, 2026 17:12:32.841 [123468180732728] DEBUG - BPQ: generated 0 item(s) for queue
Jan 22, 2026 17:12:32.841 [123468180732728] DEBUG - BPQ: [Processing] -> [Idle]
Jan 22, 2026 17:12:35.013 [123468167846712] DEBUG - Request: [127.0.0.1:41618 (Loopback)] GET /servers (3 live) #83 GZIP Signed-in Token (lucascnoman)
Jan 22, 2026 17:12:35.014 [123468191767352] DEBUG - Completed: [127.0.0.1:41618] 200 GET /servers (3 live) #83 GZIP 0ms 496 bytes
Jan 22, 2026 17:12:35.019 [123468167846712] DEBUG - Request: [127.0.0.1:41626 (Loopback)] GET / (3 live) #87 GZIP Signed-in Token (lucascnoman)
Jan 22, 2026 17:12:35.022 [123468191767352] DEBUG - Completed: [127.0.0.1:41626] 200 GET / (3 live) #87 GZIP 2ms 3955 bytes
Jan 22, 2026 17:12:35.027 [123468167846712] DEBUG - Request: [127.0.0.1:41640 (Loopback)] GET /library/sections (3 live) #89 GZIP Signed-in Token (lucascnoman)
Jan 22, 2026 17:12:35.028 [123468191767352] DEBUG - Completed: [127.0.0.1:41640] 200 GET /library/sections (3 live) #89 GZIP 1ms 775 bytes
Jan 22, 2026 17:12:35.032 [123468167846712] DEBUG - Request: [127.0.0.1:41642 (Loopback)] GET /channels/all (3 live) #8b GZIP Signed-in Token (lucascnoman)
Jan 22, 2026 17:12:35.033 [123468191767352] DEBUG - Completed: [127.0.0.1:41642] 200 GET /channels/all (3 live) #8b GZIP 0ms 387 bytes
Jan 22, 2026 17:12:35.037 [123468167846712] DEBUG - Request: [127.0.0.1:41648 (Loopback)] GET /library/sections (3 live) #8d GZIP Signed-in Token (lucascnoman)
Jan 22, 2026 17:12:35.038 [123468191767352] DEBUG - Completed: [127.0.0.1:41648] 200 GET /library/sections (3 live) #8d GZIP 0ms 775 bytes
Jan 22, 2026 17:12:35.040 [123468167846712] DEBUG - Request: [127.0.0.1:41662 (Loopback)] GET /channels/all (3 live) #8f GZIP Signed-in Token (lucascnoman)
Jan 22, 2026 17:12:35.040 [123468191767352] DEBUG - Completed: [127.0.0.1:41662] 200 GET /channels/all (3 live) #8f GZIP 0ms 387 bytes
Jan 22, 2026 17:12:58.203 [123468189657912] WARN - [CERT] TLS connection from [::ffff:192.168.1.19]:62988 came in with unrecognized plex.direct SNI name '192-168-1-100.00615f9ab6a041afb0fb5234cb9b7bad.plex.direct'; using installed plex.direct cert
Jan 22, 2026 17:12:58.210 [123468191767352] DEBUG - CERT: incomplete TLS handshake from [::ffff:192.168.1.19]:62988: sslv3 alert certificate unknown (SSL routines)
Jan 22, 2026 17:13:10.289 [123468191767352] DEBUG - Auth: Refreshing tokens inside the token-based authentication filter.
Jan 22, 2026 17:13:10.289 [123468191767352] DEBUG - [HCl#4a] HTTP requesting GET https://plex.tv/api/v2/server/access_tokens?auth_token=xxxxxxxxxxxxxxxxxxxx&unknownToken=xxxxxxxxxxxxxxxxxxxx
Jan 22, 2026 17:13:10.837 [123468176505656] DEBUG - [HttpClient/HCl#4a] HTTP/1.1 (0.5s) 200 response from GET https://plex.tv/api/v2/server/access_tokens?auth_token=xxxxxxxxxxxxxxxxxxxx&unknownToken=xxxxxxxxxxxxxxxxxxxx
Jan 22, 2026 17:13:10.838 [123468191767352] DEBUG - MyPlex: updating with 7 access tokens
Jan 22, 2026 17:13:10.838 [123468191767352] DEBUG - [HCl#4b] HTTP requesting GET https://plex.tv/api/v2/server/users?auth_token=xxxxxxxxxxxxxxxxxxxx
Jan 22, 2026 17:13:11.002 [123468176505656] DEBUG - [HttpClient/HCl#4b] HTTP/1.1 (0.2s) 200 response from GET https://plex.tv/api/v2/server/users?auth_token=xxxxxxxxxxxxxxxxxxxx (reused)
Jan 22, 2026 17:13:11.002 [123468180732728] DEBUG - [HCl#4c] HTTP requesting GET https://plex.tv/api/v2/server/users/subscriptions?auth_token=xxxxxxxxxxxxxxxxxxxx
Jan 22, 2026 17:13:11.167 [123468176505656] DEBUG - [HttpClient/HCl#4c] HTTP/1.1 (0.2s) 200 response from GET https://plex.tv/api/v2/server/users/subscriptions?auth_token=xxxxxxxxxxxxxxxxxxxx (reused)
Jan 22, 2026 17:13:11.168 [123468180732728] DEBUG - MyPlex: no cached data to load for request for https://plex.tv/api/v2/server/users/services?auth_token=xxxxxxxxxxxxxxxxxxxx
Jan 22, 2026 17:13:11.168 [123468191767352] DEBUG - Auth: authenticating user as guest
Jan 22, 2026 17:13:11.168 [123468167846712] DEBUG - Request: [192.168.1.19:63002 (Subnet)] GET /media/providers (4 live) #93 GZIP Signed-in Token ()
Jan 22, 2026 17:13:11.169 [123468189657912] DEBUG - Completed: [192.168.1.19:63002] 406 GET /media/providers (4 live) #93 GZIP 0ms 390 bytes (pipelined: 1)
Jan 22, 2026 17:13:13.838 [123468136205112] DEBUG - [MediaProviderManager] Refreshing media providers
Jan 22, 2026 17:13:13.839 [123468136205112] DEBUG - [MediaProviderManager/Response::fetch/HCl#4d] HTTP requesting GET https://plex.tv/media/providers
Jan 22, 2026 17:13:14.004 [123468176505656] DEBUG - [HttpClient/HCl#4d] HTTP/1.1 (0.2s) 200 response from GET https://plex.tv/media/providers (reused)
Jan 22, 2026 17:13:14.004 [123468136205112] DEBUG - [MediaProviderManager] discovered cloud provider (Movies & Shows)
Jan 22, 2026 17:13:14.004 [123468136205112] DEBUG - [MediaProviderManager] discovered cloud provider (Metadata)
Jan 22, 2026 17:13:14.004 [123468136205112] DEBUG - [MediaProviderManager] loading cloud provider details (Metadata) (alive: 1)
Jan 22, 2026 17:13:14.004 [123468136205112] DEBUG - [MediaProviderManager] loading cloud provider details (Movies & Shows) (alive: 1)
Jan 22, 2026 17:13:14.004 [123468136205112] DEBUG - [MediaProviderManager] we had 2 cloud providers online, we now have 2
Jan 22, 2026 17:13:14.004 [123468136205112] DEBUG - [MediaProviderManager] cloud provider (Metadata) is online and available
Jan 22, 2026 17:13:14.004 [123468136205112] DEBUG - [MediaProviderManager] cloud provider (Movies & Shows) is online and available
Jan 22, 2026 17:13:14.004 [123468136205112] DEBUG - [MediaProviderManager] Media provider refresh complete
Jan 22, 2026 17:14:27.755 [123468167846712] DEBUG - Request: [172.20.0.2:39672 (WAN)] GET /status/sessions (3 live) #94 Page 0-499 Signed-in Token (lucascnoman)
Jan 22, 2026 17:14:27.755 [123468167846712] DEBUG - [Req#94] [Now] Adding 0 sessions.
Jan 22, 2026 17:14:27.755 [123468167846712] DEBUG - Setting container serialization range to [0, 499] (total=-1)
Jan 22, 2026 17:14:27.755 [123468191767352] DEBUG - Completed: [172.20.0.2:39672] 200 GET /status/sessions (3 live) #94 Page 0-499 0ms 348 bytes
Jan 22, 2026 17:14:29.341 [123468189657912] DEBUG - Auth: Refreshing tokens inside the token-based authentication filter.
Jan 22, 2026 17:14:29.341 [123468189657912] DEBUG - [HCl#4e] HTTP requesting GET https://plex.tv/api/v2/server/access_tokens?auth_token=xxxxxxxxxxxxxxxxxxxx&unknownToken=xxxxxxxxxxxxxxxxxxxx
Jan 22, 2026 17:14:29.352 [123468191767352] WARN - [CERT] TLS connection from [::ffff:192.168.1.19]:63034 came in with unrecognized plex.direct SNI name '192-168-1-100.00615f9ab6a041afb0fb5234cb9b7bad.plex.direct'; using installed plex.direct cert
Jan 22, 2026 17:14:29.359 [123468191767352] DEBUG - CERT: incomplete TLS handshake from [::ffff:192.168.1.19]:63034: sslv3 alert certificate unknown (SSL routines)
Jan 22, 2026 17:14:29.855 [123468176505656] DEBUG - [HttpClient/HCl#4e] HTTP/1.1 (0.5s) 200 response from GET https://plex.tv/api/v2/server/access_tokens?auth_token=xxxxxxxxxxxxxxxxxxxx&unknownToken=xxxxxxxxxxxxxxxxxxxx
Jan 22, 2026 17:14:29.856 [123468189657912] DEBUG - MyPlex: updating with 7 access tokens
Jan 22, 2026 17:14:29.857 [123468189657912] DEBUG - [HCl#4f] HTTP requesting GET https://plex.tv/api/v2/server/users?auth_token=xxxxxxxxxxxxxxxxxxxx
Jan 22, 2026 17:14:30.023 [123468176505656] DEBUG - [HttpClient/HCl#4f] HTTP/1.1 (0.2s) 200 response from GET https://plex.tv/api/v2/server/users?auth_token=xxxxxxxxxxxxxxxxxxxx (reused)
Jan 22, 2026 17:14:30.023 [123468180732728] DEBUG - [HCl#50] HTTP requesting GET https://plex.tv/api/v2/server/users/subscriptions?auth_token=xxxxxxxxxxxxxxxxxxxx
Jan 22, 2026 17:14:30.197 [123468176505656] DEBUG - [HttpClient/HCl#50] HTTP/1.1 (0.2s) 200 response from GET https://plex.tv/api/v2/server/users/subscriptions?auth_token=xxxxxxxxxxxxxxxxxxxx (reused)
Jan 22, 2026 17:14:30.198 [123468180732728] DEBUG - MyPlex: no cached data to load for request for https://plex.tv/api/v2/server/users/services?auth_token=xxxxxxxxxxxxxxxxxxxx
Jan 22, 2026 17:14:30.198 [123468189657912] DEBUG - Auth: authenticating user as guest
Jan 22, 2026 17:14:30.198 [123468167846712] DEBUG - Request: [192.168.1.19:63033 (Subnet)] GET /media/providers (4 live) #98 GZIP Signed-in Token ()
Jan 22, 2026 17:14:30.199 [123468189657912] DEBUG - Completed: [192.168.1.19:63033] 406 GET /media/providers (4 live) #98 GZIP 0ms 390 bytes (pipelined: 1)
Jan 22, 2026 17:14:32.857 [123468144642872] DEBUG - [MediaProviderManager] Refreshing media providers
Jan 22, 2026 17:14:32.858 [123468144642872] DEBUG - [MediaProviderManager/Response::fetch/HCl#51] HTTP requesting GET https://plex.tv/media/providers
Jan 22, 2026 17:14:33.025 [123468176505656] DEBUG - [HttpClient/HCl#51] HTTP/1.1 (0.2s) 200 response from GET https://plex.tv/media/providers (reused)
Jan 22, 2026 17:14:33.025 [123468144642872] DEBUG - [MediaProviderManager] discovered cloud provider (Movies & Shows)
Jan 22, 2026 17:14:33.025 [123468144642872] DEBUG - [MediaProviderManager] discovered cloud provider (Metadata)
Jan 22, 2026 17:14:33.025 [123468144642872] DEBUG - [MediaProviderManager] loading cloud provider details (Metadata) (alive: 1)
Jan 22, 2026 17:14:33.025 [123468144642872] DEBUG - [MediaProviderManager] loading cloud provider details (Movies & Shows) (alive: 1)
Jan 22, 2026 17:14:33.025 [123468144642872] DEBUG - [MediaProviderManager] we had 2 cloud providers online, we now have 2
Jan 22, 2026 17:14:33.025 [123468144642872] DEBUG - [MediaProviderManager] cloud provider (Metadata) is online and available
Jan 22, 2026 17:14:33.025 [123468144642872] DEBUG - [MediaProviderManager] cloud provider (Movies & Shows) is online and available
Jan 22, 2026 17:14:33.025 [123468144642872] DEBUG - [MediaProviderManager] Media provider refresh complete
Jan 22, 2026 17:14:56.210 [123468167846712] DEBUG - Request: [172.20.0.2:55766 (WAN)] GET /status/sessions (3 live) #9b Page 0-499 Signed-in Token (lucascnoman)
Jan 22, 2026 17:14:56.210 [123468167846712] DEBUG - [Req#9b] [Now] Adding 0 sessions.
Jan 22, 2026 17:14:56.210 [123468167846712] DEBUG - Setting container serialization range to [0, 499] (total=-1)
Jan 22, 2026 17:14:56.212 [123468191767352] DEBUG - Completed: [172.20.0.2:55766] 200 GET /status/sessions (3 live) #9b Page 0-499 3ms 348 bytes
Jan 22, 2026 17:14:59.381 [123468191767352] DEBUG - Auth: Refreshing tokens inside the token-based authentication filter.
Jan 22, 2026 17:14:59.381 [123468189657912] WARN - [CERT] TLS connection from [::ffff:192.168.1.19]:63077 came in with unrecognized plex.direct SNI name '192-168-1-100.00615f9ab6a041afb0fb5234cb9b7bad.plex.direct'; using installed plex.direct cert
Jan 22, 2026 17:14:59.381 [123468191767352] DEBUG - [HCl#52] HTTP requesting GET https://plex.tv/api/v2/server/access_tokens?auth_token=xxxxxxxxxxxxxxxxxxxx&unknownToken=xxxxxxxxxxxxxxxxxxxx
Jan 22, 2026 17:14:59.391 [123468189657912] DEBUG - CERT: incomplete TLS handshake from [::ffff:192.168.1.19]:63077: sslv3 alert certificate unknown (SSL routines)
Jan 22, 2026 17:14:59.908 [123468176505656] DEBUG - [HttpClient/HCl#52] HTTP/1.1 (0.5s) 200 response from GET https://plex.tv/api/v2/server/access_tokens?auth_token=xxxxxxxxxxxxxxxxxxxx&unknownToken=xxxxxxxxxxxxxxxxxxxx
Jan 22, 2026 17:14:59.909 [123468191767352] DEBUG - MyPlex: updating with 7 access tokens
Jan 22, 2026 17:14:59.909 [123468191767352] DEBUG - [HCl#53] HTTP requesting GET https://plex.tv/api/v2/server/users?auth_token=xxxxxxxxxxxxxxxxxxxx
Jan 22, 2026 17:15:00.070 [123468176505656] DEBUG - [HttpClient/HCl#53] HTTP/1.1 (0.2s) 200 response from GET https://plex.tv/api/v2/server/users?auth_token=xxxxxxxxxxxxxxxxxxxx (reused)
Jan 22, 2026 17:15:00.070 [123468180732728] DEBUG - [HCl#54] HTTP requesting GET https://plex.tv/api/v2/server/users/subscriptions?auth_token=xxxxxxxxxxxxxxxxxxxx
Jan 22, 2026 17:15:00.237 [123468176505656] DEBUG - [HttpClient/HCl#54] HTTP/1.1 (0.2s) 200 response from GET https://plex.tv/api/v2/server/users/subscriptions?auth_token=xxxxxxxxxxxxxxxxxxxx (reused)
Jan 22, 2026 17:15:00.237 [123468180732728] DEBUG - MyPlex: no cached data to load for request for https://plex.tv/api/v2/server/users/services?auth_token=xxxxxxxxxxxxxxxxxxxx
Jan 22, 2026 17:15:00.237 [123468191767352] DEBUG - Auth: authenticating user as guest
Jan 22, 2026 17:15:00.238 [123468167846712] DEBUG - Request: [192.168.1.19:63078 (Subnet)] GET /media/providers (4 live) #a1 GZIP Signed-in Token ()
Jan 22, 2026 17:15:00.238 [123468191767352] DEBUG - Completed: [192.168.1.19:63078] 406 GET /media/providers (4 live) #a1 GZIP 0ms 390 bytes (pipelined: 1)
Jan 22, 2026 17:15:02.910 [123468144642872] DEBUG - [MediaProviderManager] Refreshing media providers
Jan 22, 2026 17:15:02.910 [123468144642872] DEBUG - [MediaProviderManager/Response::fetch/HCl#55] HTTP requesting GET https://plex.tv/media/providers
Jan 22, 2026 17:15:03.193 [123468176505656] DEBUG - [HttpClient/HCl#55] HTTP/1.1 (0.3s) 200 response from GET https://plex.tv/media/providers (reused)
Jan 22, 2026 17:15:03.194 [123468144642872] DEBUG - [MediaProviderManager] discovered cloud provider (Movies & Shows)
Jan 22, 2026 17:15:03.194 [123468144642872] DEBUG - [MediaProviderManager] discovered cloud provider (Metadata)
Jan 22, 2026 17:15:03.194 [123468144642872] DEBUG - [MediaProviderManager] loading cloud provider details (Metadata) (alive: 1)
Jan 22, 2026 17:15:03.194 [123468144642872] DEBUG - [MediaProviderManager] loading cloud provider details (Movies & Shows) (alive: 1)
Jan 22, 2026 17:15:03.194 [123468144642872] DEBUG - [MediaProviderManager] we had 2 cloud providers online, we now have 2
Jan 22, 2026 17:15:03.194 [123468144642872] DEBUG - [MediaProviderManager] cloud provider (Metadata) is online and available
Jan 22, 2026 17:15:03.194 [123468144642872] DEBUG - [MediaProviderManager] cloud provider (Movies & Shows) is online and available
Jan 22, 2026 17:15:03.194 [123468144642872] DEBUG - [MediaProviderManager] Media provider refresh complete
Jan 22, 2026 17:15:31.206 [123468189657912] WARN - [CERT] TLS connection from [::ffff:192.168.1.19]:63110 came in with unrecognized plex.direct SNI name '192-168-1-100.00615f9ab6a041afb0fb5234cb9b7bad.plex.direct'; using installed plex.direct cert
Jan 22, 2026 17:15:31.206 [123468191767352] DEBUG - Auth: Refreshing tokens inside the token-based authentication filter.
Jan 22, 2026 17:15:31.206 [123468191767352] DEBUG - [HCl#56] HTTP requesting GET https://plex.tv/api/v2/server/access_tokens?auth_token=xxxxxxxxxxxxxxxxxxxx&unknownToken=xxxxxxxxxxxxxxxxxxxx
Jan 22, 2026 17:15:31.218 [123468189657912] DEBUG - CERT: incomplete TLS handshake from [::ffff:192.168.1.19]:63110: sslv3 alert certificate unknown (SSL routines)
Jan 22, 2026 17:15:31.766 [123468176505656] DEBUG - [HttpClient/HCl#56] HTTP/1.1 (0.6s) 200 response from GET https://plex.tv/api/v2/server/access_tokens?auth_token=xxxxxxxxxxxxxxxxxxxx&unknownToken=xxxxxxxxxxxxxxxxxxxx
Jan 22, 2026 17:15:31.768 [123468191767352] DEBUG - MyPlex: updating with 7 access tokens
Jan 22, 2026 17:15:31.768 [123468191767352] DEBUG - [HCl#57] HTTP requesting GET https://plex.tv/api/v2/server/users?auth_token=xxxxxxxxxxxxxxxxxxxx
Jan 22, 2026 17:15:31.936 [123468176505656] DEBUG - [HttpClient/HCl#57] HTTP/1.1 (0.2s) 200 response from GET https://plex.tv/api/v2/server/users?auth_token=xxxxxxxxxxxxxxxxxxxx (reused)
Jan 22, 2026 17:15:31.937 [123468180732728] DEBUG - [HCl#58] HTTP requesting GET https://plex.tv/api/v2/server/users/subscriptions?auth_token=xxxxxxxxxxxxxxxxxxxx
Jan 22, 2026 17:15:32.096 [123468176505656] DEBUG - [HttpClient/HCl#58] HTTP/1.1 (0.2s) 200 response from GET https://plex.tv/api/v2/server/users/subscriptions?auth_token=xxxxxxxxxxxxxxxxxxxx (reused)
Jan 22, 2026 17:15:32.096 [123468180732728] DEBUG - MyPlex: no cached data to load for request for https://plex.tv/api/v2/server/users/services?auth_token=xxxxxxxxxxxxxxxxxxxx
Jan 22, 2026 17:15:32.096 [123468191767352] DEBUG - Auth: authenticating user as guest
Jan 22, 2026 17:15:32.097 [123468167846712] DEBUG - Request: [192.168.1.19:63111 (Subnet)] GET /media/providers (4 live) #a6 GZIP Signed-in Token ()
Jan 22, 2026 17:15:32.097 [123468191767352] DEBUG - Completed: [192.168.1.19:63111] 406 GET /media/providers (4 live) #a6 GZIP 0ms 390 bytes (pipelined: 1)
Jan 22, 2026 17:15:32.516 [123468167846712] DEBUG - Request: [172.20.0.2:59952 (WAN)] GET /status/sessions (5 live) #a7 Page 0-499 Signed-in Token (lucascnoman)
Jan 22, 2026 17:15:32.516 [123468167846712] DEBUG - [Req#a7] [Now] Adding 0 sessions.
Jan 22, 2026 17:15:32.516 [123468167846712] DEBUG - Setting container serialization range to [0, 499] (total=-1)
Jan 22, 2026 17:15:32.516 [123468191767352] DEBUG - Completed: [172.20.0.2:59952] 200 GET /status/sessions (5 live) #a7 Page 0-499 0ms 348 bytes
Jan 22, 2026 17:15:34.768 [123468153080632] DEBUG - [MediaProviderManager] Refreshing media providers
Jan 22, 2026 17:15:34.769 [123468153080632] DEBUG - [MediaProviderManager/Response::fetch/HCl#59] HTTP requesting GET https://plex.tv/media/providers
Jan 22, 2026 17:15:34.948 [123468176505656] DEBUG - [HttpClient/HCl#59] HTTP/1.1 (0.2s) 200 response from GET https://plex.tv/media/providers (reused)
Jan 22, 2026 17:15:34.948 [123468153080632] DEBUG - [MediaProviderManager] discovered cloud provider (Movies & Shows)
Jan 22, 2026 17:15:34.948 [123468153080632] DEBUG - [MediaProviderManager] discovered cloud provider (Metadata)
Jan 22, 2026 17:15:34.948 [123468153080632] DEBUG - [MediaProviderManager] loading cloud provider details (Metadata) (alive: 1)
Jan 22, 2026 17:15:34.948 [123468153080632] DEBUG - [MediaProviderManager] loading cloud provider details (Movies & Shows) (alive: 1)
Jan 22, 2026 17:15:34.948 [123468153080632] DEBUG - [MediaProviderManager] we had 2 cloud providers online, we now have 2
Jan 22, 2026 17:15:34.948 [123468153080632] DEBUG - [MediaProviderManager] cloud provider (Metadata) is online and available
Jan 22, 2026 17:15:34.948 [123468153080632] DEBUG - [MediaProviderManager] cloud provider (Movies & Shows) is online and available
Jan 22, 2026 17:15:34.948 [123468153080632] DEBUG - [MediaProviderManager] Media provider refresh complete
Jan 22, 2026 17:15:37.216 [123468167846712] DEBUG - Request: [172.20.0.2:59962 (WAN)] GET /status/sessions (4 live) #a9 Page 0-499 Signed-in Token (lucascnoman)
Jan 22, 2026 17:15:37.216 [123468167846712] DEBUG - [Req#a9] [Now] Adding 0 sessions.
Jan 22, 2026 17:15:37.216 [123468167846712] DEBUG - Setting container serialization range to [0, 499] (total=-1)
Jan 22, 2026 17:15:37.217 [123468189657912] DEBUG - Completed: [172.20.0.2:59962] 200 GET /status/sessions (4 live) #a9 Page 0-499 0ms 348 bytes
Jan 22, 2026 17:15:41.278 [123468167846712] DEBUG - Request: [172.20.0.2:37396 (WAN)] GET /status/sessions (4 live) #ac Page 0-499 Signed-in Token (lucascnoman)
Jan 22, 2026 17:15:41.278 [123468167846712] DEBUG - [Req#ac] [Now] Adding 0 sessions.
Jan 22, 2026 17:15:41.278 [123468167846712] DEBUG - Setting container serialization range to [0, 499] (total=-1)
Jan 22, 2026 17:15:41.279 [123468191767352] DEBUG - Completed: [172.20.0.2:37396] 200 GET /status/sessions (4 live) #ac Page 0-499 0ms 348 bytes
Jan 22, 2026 17:15:47.248 [123468167846712] DEBUG - Request: [172.20.0.2:37400 (WAN)] GET /status/sessions (4 live) #ae Page 0-499 Signed-in Token (lucascnoman)
Jan 22, 2026 17:15:47.248 [123468167846712] DEBUG - [Req#ae] [Now] Adding 0 sessions.
Jan 22, 2026 17:15:47.248 [123468167846712] DEBUG - Setting container serialization range to [0, 499] (total=-1)
Jan 22, 2026 17:15:47.248 [123468189657912] DEBUG - Completed: [172.20.0.2:37400] 200 GET /status/sessions (4 live) #ae Page 0-499 0ms 348 bytes
Jan 22, 2026 17:15:52.272 [123468167846712] DEBUG - Request: [172.20.0.2:43606 (WAN)] GET /status/sessions (3 live) #b0 Page 0-499 Signed-in Token (lucascnoman)
Jan 22, 2026 17:15:52.272 [123468167846712] DEBUG - [Req#b0] [Now] Adding 0 sessions.
Jan 22, 2026 17:15:52.272 [123468167846712] DEBUG - Setting container serialization range to [0, 499] (total=-1)
Jan 22, 2026 17:15:52.273 [123468191767352] DEBUG - Completed: [172.20.0.2:43606] 200 GET /status/sessions (3 live) #b0 Page 0-499 0ms 348 bytes
Jan 22, 2026 17:15:57.384 [123468167846712] DEBUG - Request: [172.20.0.2:43608 (WAN)] GET /status/sessions (3 live) #b3 Page 0-499 Signed-in Token (lucascnoman)
Jan 22, 2026 17:15:57.384 [123468167846712] DEBUG - [Req#b3] [Now] Adding 0 sessions.
Jan 22, 2026 17:15:57.384 [123468167846712] DEBUG - Setting container serialization range to [0, 499] (total=-1)
Jan 22, 2026 17:15:57.384 [123468191767352] DEBUG - Completed: [172.20.0.2:43608] 200 GET /status/sessions (3 live) #b3 Page 0-499 0ms 348 bytes
Jan 22, 2026 17:16:01.207 [123468191767352] WARN - [CERT] TLS connection from [::ffff:192.168.1.19]:63169 came in with unrecognized plex.direct SNI name '192-168-1-100.00615f9ab6a041afb0fb5234cb9b7bad.plex.direct'; using installed plex.direct cert
Jan 22, 2026 17:16:01.207 [123468189657912] DEBUG - Auth: Refreshing tokens inside the token-based authentication filter.
Jan 22, 2026 17:16:01.208 [123468189657912] DEBUG - [HCl#5a] HTTP requesting GET https://plex.tv/api/v2/server/access_tokens?auth_token=xxxxxxxxxxxxxxxxxxxx&unknownToken=xxxxxxxxxxxxxxxxxxxx
Jan 22, 2026 17:16:01.216 [123468191767352] DEBUG - CERT: incomplete TLS handshake from [::ffff:192.168.1.19]:63169: sslv3 alert certificate unknown (SSL routines)
Jan 22, 2026 17:16:01.710 [123468176505656] DEBUG - [HttpClient/HCl#5a] HTTP/1.1 (0.5s) 200 response from GET https://plex.tv/api/v2/server/access_tokens?auth_token=xxxxxxxxxxxxxxxxxxxx&unknownToken=xxxxxxxxxxxxxxxxxxxx
Jan 22, 2026 17:16:01.711 [123468189657912] DEBUG - MyPlex: updating with 7 access tokens
Jan 22, 2026 17:16:01.711 [123468189657912] DEBUG - [HCl#5b] HTTP requesting GET https://plex.tv/api/v2/server/users?auth_token=xxxxxxxxxxxxxxxxxxxx
Jan 22, 2026 17:16:01.870 [123468176505656] DEBUG - [HttpClient/HCl#5b] HTTP/1.1 (0.2s) 200 response from GET https://plex.tv/api/v2/server/users?auth_token=xxxxxxxxxxxxxxxxxxxx (reused)
Jan 22, 2026 17:16:01.871 [123468180732728] DEBUG - [HCl#5c] HTTP requesting GET https://plex.tv/api/v2/server/users/subscriptions?auth_token=xxxxxxxxxxxxxxxxxxxx
Jan 22, 2026 17:16:02.027 [123468176505656] DEBUG - [HttpClient/HCl#5c] HTTP/1.1 (0.2s) 200 response from GET https://plex.tv/api/v2/server/users/subscriptions?auth_token=xxxxxxxxxxxxxxxxxxxx (reused)
Jan 22, 2026 17:16:02.028 [123468180732728] DEBUG - MyPlex: no cached data to load for request for https://plex.tv/api/v2/server/users/services?auth_token=xxxxxxxxxxxxxxxxxxxx
Jan 22, 2026 17:16:02.028 [123468189657912] DEBUG - Auth: authenticating user as guest
Jan 22, 2026 17:16:02.028 [123468167846712] DEBUG - Request: [192.168.1.19:63170 (Subnet)] GET /media/providers (4 live) #b7 GZIP Signed-in Token ()
Jan 22, 2026 17:16:02.029 [123468189657912] DEBUG - Completed: [192.168.1.19:63170] 406 GET /media/providers (4 live) #b7 GZIP 0ms 390 bytes (pipelined: 1)
Jan 22, 2026 17:16:02.405 [123468167846712] DEBUG - Request: [172.20.0.2:45692 (WAN)] GET /status/sessions (5 live) #b8 Page 0-499 Signed-in Token (lucascnoman)
Jan 22, 2026 17:16:02.405 [123468167846712] DEBUG - [Req#b8] [Now] Adding 0 sessions.
Jan 22, 2026 17:16:02.405 [123468167846712] DEBUG - Setting container serialization range to [0, 499] (total=-1)
Jan 22, 2026 17:16:02.406 [123468191767352] DEBUG - Completed: [172.20.0.2:45692] 200 GET /status/sessions (5 live) #b8 Page 0-499 0ms 348 bytes
Jan 22, 2026 17:16:04.711 [123468144642872] DEBUG - [MediaProviderManager] Refreshing media providers
Jan 22, 2026 17:16:04.711 [123468144642872] DEBUG - [MediaProviderManager/Response::fetch/HCl#5d] HTTP requesting GET https://plex.tv/media/providers
Jan 22, 2026 17:16:04.868 [123468176505656] DEBUG - [HttpClient/HCl#5d] HTTP/1.1 (0.2s) 200 response from GET https://plex.tv/media/providers (reused)
Jan 22, 2026 17:16:04.869 [123468144642872] DEBUG - [MediaProviderManager] discovered cloud provider (Movies & Shows)
Jan 22, 2026 17:16:04.869 [123468144642872] DEBUG - [MediaProviderManager] discovered cloud provider (Metadata)
Jan 22, 2026 17:16:04.869 [123468144642872] DEBUG - [MediaProviderManager] loading cloud provider details (Metadata) (alive: 1)
Jan 22, 2026 17:16:04.869 [123468144642872] DEBUG - [MediaProviderManager] loading cloud provider details (Movies & Shows) (alive: 1)
Jan 22, 2026 17:16:04.869 [123468144642872] DEBUG - [MediaProviderManager] we had 2 cloud providers online, we now have 2
Jan 22, 2026 17:16:04.869 [123468144642872] DEBUG - [MediaProviderManager] cloud provider (Metadata) is online and available
Jan 22, 2026 17:16:04.869 [123468144642872] DEBUG - [MediaProviderManager] cloud provider (Movies & Shows) is online and available
Jan 22, 2026 17:16:04.869 [123468144642872] DEBUG - [MediaProviderManager] Media provider refresh complete
Jan 22, 2026 17:16:07.432 [123468167846712] DEBUG - Request: [172.20.0.2:45706 (WAN)] GET /status/sessions (4 live) #ba Page 0-499 Signed-in Token (lucascnoman)
Jan 22, 2026 17:16:07.432 [123468167846712] DEBUG - [Req#ba] [Now] Adding 0 sessions.
Jan 22, 2026 17:16:07.432 [123468167846712] DEBUG - Setting container serialization range to [0, 499] (total=-1)
Jan 22, 2026 17:16:07.433 [123468189657912] DEBUG - Completed: [172.20.0.2:45706] 200 GET /status/sessions (4 live) #ba Page 0-499 0ms 348 bytes
Jan 22, 2026 17:16:12.467 [123468167846712] DEBUG - Request: [172.20.0.2:54388 (WAN)] GET /status/sessions (4 live) #bd Page 0-499 Signed-in Token (lucascnoman)
Jan 22, 2026 17:16:12.467 [123468167846712] DEBUG - [Req#bd] [Now] Adding 0 sessions.
Jan 22, 2026 17:16:12.467 [123468167846712] DEBUG - Setting container serialization range to [0, 499] (total=-1)
Jan 22, 2026 17:16:12.468 [123468191767352] DEBUG - Completed: [172.20.0.2:54388] 200 GET /status/sessions (4 live) #bd Page 0-499 0ms 348 bytes
Jan 22, 2026 17:16:17.489 [123468167846712] DEBUG - Request: [172.20.0.2:54400 (WAN)] GET /status/sessions (4 live) #bf Page 0-499 Signed-in Token (lucascnoman)
Jan 22, 2026 17:16:17.489 [123468167846712] DEBUG - [Req#bf] [Now] Adding 0 sessions.
Jan 22, 2026 17:16:17.489 [123468167846712] DEBUG - Setting container serialization range to [0, 499] (total=-1)
Jan 22, 2026 17:16:17.489 [123468189657912] DEBUG - Completed: [172.20.0.2:54400] 200 GET /status/sessions (4 live) #bf Page 0-499 0ms 348 bytes
Jan 22, 2026 17:16:22.554 [123468167846712] DEBUG - Request: [172.20.0.2:35776 (WAN)] GET /status/sessions (3 live) #c1 Page 0-499 Signed-in Token (lucascnoman)
Jan 22, 2026 17:16:22.554 [123468167846712] DEBUG - [Req#c1] [Now] Adding 0 sessions.
Jan 22, 2026 17:16:22.554 [123468167846712] DEBUG - Setting container serialization range to [0, 499] (total=-1)
Jan 22, 2026 17:16:22.554 [123468189657912] DEBUG - Completed: [172.20.0.2:35776] 200 GET /status/sessions (3 live) #c1 Page 0-499 0ms 348 bytes
Jan 22, 2026 17:16:27.576 [123468167846712] DEBUG - Request: [172.20.0.2:35790 (WAN)] GET /status/sessions (3 live) #c4 Page 0-499 Signed-in Token (lucascnoman)
Jan 22, 2026 17:16:27.576 [123468167846712] DEBUG - [Req#c4] [Now] Adding 0 sessions.
Jan 22, 2026 17:16:27.576 [123468167846712] DEBUG - Setting container serialization range to [0, 499] (total=-1)
Jan 22, 2026 17:16:27.576 [123468191767352] DEBUG - Completed: [172.20.0.2:35790] 200 GET /status/sessions (3 live) #c4 Page 0-499 0ms 348 bytes
Jan 22, 2026 17:16:32.603 [123468167846712] DEBUG - Request: [172.20.0.2:56144 (WAN)] GET /status/sessions (3 live) #c6 Page 0-499 Signed-in Token (lucascnoman)
Jan 22, 2026 17:16:32.603 [123468167846712] DEBUG - [Req#c6] [Now] Adding 0 sessions.
Jan 22, 2026 17:16:32.603 [123468167846712] DEBUG - Setting container serialization range to [0, 499] (total=-1)
Jan 22, 2026 17:16:32.604 [123468189657912] DEBUG - Completed: [172.20.0.2:56144] 200 GET /status/sessions (3 live) #c6 Page 0-499 0ms 348 bytes
Jan 22, 2026 17:16:37.631 [123468167846712] DEBUG - Request: [172.20.0.2:56146 (WAN)] GET /status/sessions (3 live) #c8 Page 0-499 Signed-in Token (lucascnoman)
Jan 22, 2026 17:16:37.631 [123468167846712] DEBUG - [Req#c8] [Now] Adding 0 sessions.
Jan 22, 2026 17:16:37.631 [123468167846712] DEBUG - Setting container serialization range to [0, 499] (total=-1)
Jan 22, 2026 17:16:37.632 [123468191767352] DEBUG - Completed: [172.20.0.2:56146] 200 GET /status/sessions (3 live) #c8 Page 0-499 0ms 348 bytes
Jan 22, 2026 17:16:42.654 [123468167846712] DEBUG - Request: [172.20.0.2:39198 (WAN)] GET /status/sessions (3 live) #ca Page 0-499 Signed-in Token (lucascnoman)
Jan 22, 2026 17:16:42.654 [123468167846712] DEBUG - [Req#ca] [Now] Adding 0 sessions.
Jan 22, 2026 17:16:42.654 [123468167846712] DEBUG - Setting container serialization range to [0, 499] (total=-1)
Jan 22, 2026 17:16:42.655 [123468191767352] DEBUG - Completed: [172.20.0.2:39198] 200 GET /status/sessions (3 live) #ca Page 0-499 0ms 348 bytes
Jan 22, 2026 17:16:47.705 [123468167846712] DEBUG - Request: [172.20.0.2:39206 (WAN)] GET /status/sessions (3 live) #cc Page 0-499 Signed-in Token (lucascnoman)
Jan 22, 2026 17:16:47.705 [123468167846712] DEBUG - [Req#cc] [Now] Adding 0 sessions.
Jan 22, 2026 17:16:47.705 [123468167846712] DEBUG - Setting container serialization range to [0, 499] (total=-1)
Jan 22, 2026 17:16:47.705 [123468189657912] DEBUG - Completed: [172.20.0.2:39206] 200 GET /status/sessions (3 live) #cc Page 0-499 0ms 348 bytes
Jan 22, 2026 17:16:52.719 [123468167846712] DEBUG - Request: [172.20.0.2:58000 (WAN)] GET /status/sessions (3 live) #ce Page 0-499 Signed-in Token (lucascnoman)
Jan 22, 2026 17:16:52.719 [123468167846712] DEBUG - [Req#ce] [Now] Adding 0 sessions.
Jan 22, 2026 17:16:52.719 [123468167846712] DEBUG - Setting container serialization range to [0, 499] (total=-1)
Jan 22, 2026 17:16:52.719 [123468191767352] DEBUG - Completed: [172.20.0.2:58000] 200 GET /status/sessions (3 live) #ce Page 0-499 0ms 348 bytes
Jan 22, 2026 17:16:57.747 [123468167846712] DEBUG - Request: [172.20.0.2:58008 (WAN)] GET /status/sessions (3 live) #d0 Page 0-499 Signed-in Token (lucascnoman)
Jan 22, 2026 17:16:57.747 [123468167846712] DEBUG - [Req#d0] [Now] Adding 0 sessions.
Jan 22, 2026 17:16:57.747 [123468167846712] DEBUG - Setting container serialization range to [0, 499] (total=-1)
Jan 22, 2026 17:16:57.749 [123468191767352] DEBUG - Completed: [172.20.0.2:58008] 200 GET /status/sessions (3 live) #d0 Page 0-499 1ms 348 bytes
Jan 22, 2026 17:16:58.205 [123468191767352] WARN - [CERT] TLS connection from [::ffff:192.168.1.19]:63236 came in with unrecognized plex.direct SNI name '192-168-1-100.00615f9ab6a041afb0fb5234cb9b7bad.plex.direct'; using installed plex.direct cert
Jan 22, 2026 17:16:58.215 [123468189657912] DEBUG - CERT: incomplete TLS handshake from [::ffff:192.168.1.19]:63236: sslv3 alert certificate unknown (SSL routines)
Jan 22, 2026 17:17:02.769 [123468167846712] DEBUG - Request: [172.20.0.2:53870 (WAN)] GET /status/sessions (4 live) #d4 Page 0-499 Signed-in Token (lucascnoman)
Jan 22, 2026 17:17:02.769 [123468167846712] DEBUG - [Req#d4] [Now] Adding 0 sessions.
Jan 22, 2026 17:17:02.769 [123468167846712] DEBUG - Setting container serialization range to [0, 499] (total=-1)
Jan 22, 2026 17:17:02.769 [123468189657912] DEBUG - Completed: [172.20.0.2:53870] 200 GET /status/sessions (4 live) #d4 Page 0-499 0ms 348 bytes
Jan 22, 2026 17:17:07.790 [123468167846712] DEBUG - Request: [172.20.0.2:53874 (WAN)] GET /status/sessions (4 live) #d5 Page 0-499 Signed-in Token (lucascnoman)
Jan 22, 2026 17:17:07.790 [123468167846712] DEBUG - [Req#d5] [Now] Adding 0 sessions.
Jan 22, 2026 17:17:07.790 [123468167846712] DEBUG - Setting container serialization range to [0, 499] (total=-1)
Jan 22, 2026 17:17:07.790 [123468189657912] DEBUG - Completed: [172.20.0.2:53874] 200 GET /status/sessions (4 live) #d5 Page 0-499 0ms 348 bytes
Jan 22, 2026 17:17:12.873 [123468167846712] DEBUG - Request: [172.20.0.2:58168 (WAN)] GET /status/sessions (4 live) #d7 Page 0-499 Signed-in Token (lucascnoman)
Jan 22, 2026 17:17:12.873 [123468167846712] DEBUG - [Req#d7] [Now] Adding 0 sessions.
Jan 22, 2026 17:17:12.873 [123468167846712] DEBUG - Setting container serialization range to [0, 499] (total=-1)
Jan 22, 2026 17:17:12.873 [123468189657912] DEBUG - Completed: [172.20.0.2:58168] 200 GET /status/sessions (4 live) #d7 Page 0-499 0ms 348 bytes
Jan 22, 2026 17:17:16.208 [123468191767352] DEBUG - Auth: Refreshing tokens inside the token-based authentication filter.
Jan 22, 2026 17:17:16.209 [123468191767352] DEBUG - [HCl#5e] HTTP requesting GET https://plex.tv/api/v2/server/access_tokens?auth_token=xxxxxxxxxxxxxxxxxxxx&unknownToken=xxxxxxxxxxxxxxxxxxxx
Jan 22, 2026 17:17:16.754 [123468176505656] DEBUG - [HttpClient/HCl#5e] HTTP/1.1 (0.5s) 200 response from GET https://plex.tv/api/v2/server/access_tokens?auth_token=xxxxxxxxxxxxxxxxxxxx&unknownToken=xxxxxxxxxxxxxxxxxxxx
Jan 22, 2026 17:17:16.755 [123468191767352] DEBUG - MyPlex: updating with 7 access tokens
Jan 22, 2026 17:17:16.756 [123468191767352] DEBUG - [HCl#5f] HTTP requesting GET https://plex.tv/api/v2/server/users?auth_token=xxxxxxxxxxxxxxxxxxxx
Jan 22, 2026 17:17:16.923 [123468176505656] DEBUG - [HttpClient/HCl#5f] HTTP/1.1 (0.2s) 200 response from GET https://plex.tv/api/v2/server/users?auth_token=xxxxxxxxxxxxxxxxxxxx (reused)
Jan 22, 2026 17:17:16.924 [123468180732728] DEBUG - [HCl#60] HTTP requesting GET https://plex.tv/api/v2/server/users/subscriptions?auth_token=xxxxxxxxxxxxxxxxxxxx
Jan 22, 2026 17:17:17.087 [123468176505656] DEBUG - [HttpClient/HCl#60] HTTP/1.1 (0.2s) 200 response from GET https://plex.tv/api/v2/server/users/subscriptions?auth_token=xxxxxxxxxxxxxxxxxxxx (reused)
Jan 22, 2026 17:17:17.088 [123468180732728] DEBUG - MyPlex: no cached data to load for request for https://plex.tv/api/v2/server/users/services?auth_token=xxxxxxxxxxxxxxxxxxxx
Jan 22, 2026 17:17:17.088 [123468191767352] DEBUG - Auth: authenticating user as guest
Jan 22, 2026 17:17:17.088 [123468167846712] DEBUG - Request: [192.168.1.19:63260 (Subnet)] GET /media/providers (4 live) #d9 GZIP Signed-in Token ()
Jan 22, 2026 17:17:17.089 [123468191767352] DEBUG - Completed: [192.168.1.19:63260] 406 GET /media/providers (4 live) #d9 GZIP 0ms 390 bytes (pipelined: 1)
Jan 22, 2026 17:17:17.892 [123468167846712] DEBUG - Request: [172.20.0.2:58172 (WAN)] GET /status/sessions (5 live) #db Page 0-499 Signed-in Token (lucascnoman)
Jan 22, 2026 17:17:17.892 [123468167846712] DEBUG - [Req#db] [Now] Adding 0 sessions.
Jan 22, 2026 17:17:17.892 [123468167846712] DEBUG - Setting container serialization range to [0, 499] (total=-1)
Jan 22, 2026 17:17:17.892 [123468191767352] DEBUG - Completed: [172.20.0.2:58172] 200 GET /status/sessions (5 live) #db Page 0-499 0ms 348 bytes
Jan 22, 2026 17:17:19.756 [123468153080632] DEBUG - [MediaProviderManager] Refreshing media providers
Jan 22, 2026 17:17:19.757 [123468153080632] DEBUG - [MediaProviderManager/Response::fetch/HCl#61] HTTP requesting GET https://plex.tv/media/providers
Jan 22, 2026 17:17:19.923 [123468176505656] DEBUG - [HttpClient/HCl#61] HTTP/1.1 (0.2s) 200 response from GET https://plex.tv/media/providers (reused)
Jan 22, 2026 17:17:19.923 [123468153080632] DEBUG - [MediaProviderManager] discovered cloud provider (Movies & Shows)
Jan 22, 2026 17:17:19.923 [123468153080632] DEBUG - [MediaProviderManager] discovered cloud provider (Metadata)
Jan 22, 2026 17:17:19.923 [123468153080632] DEBUG - [MediaProviderManager] loading cloud provider details (Metadata) (alive: 1)
Jan 22, 2026 17:17:19.923 [123468153080632] DEBUG - [MediaProviderManager] loading cloud provider details (Movies & Shows) (alive: 1)
Jan 22, 2026 17:17:19.923 [123468153080632] DEBUG - [MediaProviderManager] we had 2 cloud providers online, we now have 2
Jan 22, 2026 17:17:19.923 [123468153080632] DEBUG - [MediaProviderManager] cloud provider (Metadata) is online and available
Jan 22, 2026 17:17:19.923 [123468153080632] DEBUG - [MediaProviderManager] cloud provider (Movies & Shows) is online and available
Jan 22, 2026 17:17:19.923 [123468153080632] DEBUG - [MediaProviderManager] Media provider refresh complete
Jan 22, 2026 17:17:22.907 [123468167846712] DEBUG - Request: [172.20.0.2:54520 (WAN)] GET /status/sessions (3 live) #dd Page 0-499 Signed-in Token (lucascnoman)
Jan 22, 2026 17:17:22.908 [123468167846712] DEBUG - [Req#dd] [Now] Adding 0 sessions.
Jan 22, 2026 17:17:22.908 [123468167846712] DEBUG - Setting container serialization range to [0, 499] (total=-1)
Jan 22, 2026 17:17:22.908 [123468189657912] DEBUG - Completed: [172.20.0.2:54520] 200 GET /status/sessions (3 live) #dd Page 0-499 0ms 348 bytes
Jan 22, 2026 17:17:27.926 [123468167846712] DEBUG - Request: [172.20.0.2:54524 (WAN)] GET /status/sessions (3 live) #e1 Page 0-499 Signed-in Token (lucascnoman)
Jan 22, 2026 17:17:27.926 [123468167846712] DEBUG - [Req#e1] [Now] Adding 0 sessions.
Jan 22, 2026 17:17:27.926 [123468167846712] DEBUG - Setting container serialization range to [0, 499] (total=-1)
Jan 22, 2026 17:17:27.926 [123468191767352] DEBUG - Completed: [172.20.0.2:54524] 200 GET /status/sessions (3 live) #e1 Page 0-499 0ms 348 bytes
Jan 22, 2026 17:17:32.953 [123468167846712] DEBUG - Request: [172.20.0.2:42866 (WAN)] GET /status/sessions (3 live) #e3 Page 0-499 Signed-in Token (lucascnoman)
Jan 22, 2026 17:17:32.953 [123468167846712] DEBUG - [Req#e3] [Now] Adding 0 sessions.
Jan 22, 2026 17:17:32.953 [123468167846712] DEBUG - Setting container serialization range to [0, 499] (total=-1)
Jan 22, 2026 17:17:32.954 [123468191767352] DEBUG - Completed: [172.20.0.2:42866] 200 GET /status/sessions (3 live) #e3 Page 0-499 0ms 348 bytes
Jan 22, 2026 17:17:35.819 [123468167846712] DEBUG - Request: [172.20.0.2:42870 (WAN)] GET /status/sessions (3 live) #e5 Page 0-499 Signed-in Token (lucascnoman)
Jan 22, 2026 17:17:35.819 [123468167846712] DEBUG - [Req#e5] [Now] Adding 0 sessions.
Jan 22, 2026 17:17:35.819 [123468167846712] DEBUG - Setting container serialization range to [0, 499] (total=-1)
Jan 22, 2026 17:17:35.820 [123468191767352] DEBUG - Completed: [172.20.0.2:42870] 200 GET /status/sessions (3 live) #e5 Page 0-499 0ms 348 bytes
Jan 22, 2026 17:17:36.720 [123468167846712] DEBUG - Request: [172.20.0.2:42878 (WAN)] GET /status/sessions (3 live) #e7 Page 0-499 Signed-in Token (lucascnoman)
Jan 22, 2026 17:17:36.720 [123468167846712] DEBUG - [Req#e7] [Now] Adding 0 sessions.
Jan 22, 2026 17:17:36.720 [123468167846712] DEBUG - Setting container serialization range to [0, 499] (total=-1)
Jan 22, 2026 17:17:36.722 [123468191767352] DEBUG - Completed: [172.20.0.2:42878] 200 GET /status/sessions (3 live) #e7 Page 0-499 1ms 348 bytes
Jan 22, 2026 17:17:41.728 [123468167846712] DEBUG - Request: [172.20.0.2:53288 (WAN)] GET /status/sessions (3 live) #e9 Page 0-499 Signed-in Token (lucascnoman)
Jan 22, 2026 17:17:41.728 [123468167846712] DEBUG - [Req#e9] [Now] Adding 0 sessions.
Jan 22, 2026 17:17:41.728 [123468167846712] DEBUG - Setting container serialization range to [0, 499] (total=-1)
Jan 22, 2026 17:17:41.729 [123468191767352] DEBUG - Completed: [172.20.0.2:53288] 200 GET /status/sessions (3 live) #e9 Page 0-499 1ms 348 bytes
Jan 22, 2026 17:17:46.755 [123468167846712] DEBUG - Request: [172.20.0.2:53300 (WAN)] GET /status/sessions (3 live) #eb Page 0-499 Signed-in Token (lucascnoman)
Jan 22, 2026 17:17:46.755 [123468167846712] DEBUG - [Req#eb] [Now] Adding 0 sessions.
Jan 22, 2026 17:17:46.755 [123468167846712] DEBUG - Setting container serialization range to [0, 499] (total=-1)
Jan 22, 2026 17:17:46.755 [123468191767352] DEBUG - Completed: [172.20.0.2:53300] 200 GET /status/sessions (3 live) #eb Page 0-499 0ms 348 bytes
Jan 22, 2026 17:18:58.256 [123468189657912] DEBUG - Auth: Refreshing tokens inside the token-based authentication filter.
Jan 22, 2026 17:18:58.256 [123468191767352] WARN - [CERT] TLS connection from [::ffff:192.168.1.19]:63341 came in with unrecognized plex.direct SNI name '192-168-1-100.00615f9ab6a041afb0fb5234cb9b7bad.plex.direct'; using installed plex.direct cert
Jan 22, 2026 17:18:58.256 [123468189657912] DEBUG - [HCl#62] HTTP requesting GET https://plex.tv/api/v2/server/access_tokens?auth_token=xxxxxxxxxxxxxxxxxxxx&unknownToken=xxxxxxxxxxxxxxxxxxxx
Jan 22, 2026 17:18:58.268 [123468191767352] DEBUG - CERT: incomplete TLS handshake from [::ffff:192.168.1.19]:63341: sslv3 alert certificate unknown (SSL routines)
Jan 22, 2026 17:18:58.786 [123468176505656] DEBUG - [HttpClient/HCl#62] HTTP/1.1 (0.5s) 200 response from GET https://plex.tv/api/v2/server/access_tokens?auth_token=xxxxxxxxxxxxxxxxxxxx&unknownToken=xxxxxxxxxxxxxxxxxxxx
Jan 22, 2026 17:18:58.787 [123468189657912] DEBUG - MyPlex: updating with 7 access tokens
Jan 22, 2026 17:18:58.787 [123468189657912] DEBUG - [HCl#63] HTTP requesting GET https://plex.tv/api/v2/server/users?auth_token=xxxxxxxxxxxxxxxxxxxx
Jan 22, 2026 17:18:58.945 [123468176505656] DEBUG - [HttpClient/HCl#63] HTTP/1.1 (0.2s) 200 response from GET https://plex.tv/api/v2/server/users?auth_token=xxxxxxxxxxxxxxxxxxxx (reused)
Jan 22, 2026 17:18:58.945 [123468180732728] DEBUG - [HCl#64] HTTP requesting GET https://plex.tv/api/v2/server/users/subscriptions?auth_token=xxxxxxxxxxxxxxxxxxxx
Jan 22, 2026 17:18:59.104 [123468176505656] DEBUG - [HttpClient/HCl#64] HTTP/1.1 (0.2s) 200 response from GET https://plex.tv/api/v2/server/users/subscriptions?auth_token=xxxxxxxxxxxxxxxxxxxx (reused)
Jan 22, 2026 17:18:59.104 [123468180732728] DEBUG - MyPlex: no cached data to load for request for https://plex.tv/api/v2/server/users/services?auth_token=xxxxxxxxxxxxxxxxxxxx
Jan 22, 2026 17:18:59.104 [123468189657912] DEBUG - Auth: authenticating user as guest
Jan 22, 2026 17:18:59.104 [123468167846712] DEBUG - Request: [192.168.1.19:63342 (Subnet)] GET /media/providers (4 live) #ef GZIP Signed-in Token ()
Jan 22, 2026 17:18:59.105 [123468189657912] DEBUG - Completed: [192.168.1.19:63342] 406 GET /media/providers (4 live) #ef GZIP 0ms 390 bytes (pipelined: 1)
Jan 22, 2026 17:19:01.787 [123468134095672] DEBUG - [MediaProviderManager] Refreshing media providers
Jan 22, 2026 17:19:01.787 [123468134095672] DEBUG - [MediaProviderManager/Response::fetch/HCl#65] HTTP requesting GET https://plex.tv/media/providers
Jan 22, 2026 17:19:01.951 [123468176505656] DEBUG - [HttpClient/HCl#65] HTTP/1.1 (0.2s) 200 response from GET https://plex.tv/media/providers (reused)
Jan 22, 2026 17:19:01.951 [123468134095672] DEBUG - [MediaProviderManager] discovered cloud provider (Movies & Shows)
Jan 22, 2026 17:19:01.951 [123468134095672] DEBUG - [MediaProviderManager] discovered cloud provider (Metadata)
Jan 22, 2026 17:19:01.951 [123468134095672] DEBUG - [MediaProviderManager] loading cloud provider details (Metadata) (alive: 1)
Jan 22, 2026 17:19:01.951 [123468134095672] DEBUG - [MediaProviderManager] loading cloud provider details (Movies & Shows) (alive: 1)
Jan 22, 2026 17:19:01.951 [123468134095672] DEBUG - [MediaProviderManager] we had 2 cloud providers online, we now have 2
Jan 22, 2026 17:19:01.951 [123468134095672] DEBUG - [MediaProviderManager] cloud provider (Metadata) is online and available
Jan 22, 2026 17:19:01.951 [123468134095672] DEBUG - [MediaProviderManager] cloud provider (Movies & Shows) is online and available
Jan 22, 2026 17:19:01.951 [123468134095672] DEBUG - [MediaProviderManager] Media provider refresh complete
Jan 22, 2026 17:19:52.445 [123468153080632] DEBUG - [ViewStateSync] Starting
Jan 22, 2026 17:19:52.445 [123468153080632] DEBUG - [ViewStateSync] Fetching user tokens
Jan 22, 2026 17:19:52.445 [123468153080632] DEBUG - [ViewStateSync/HCl#66] HTTP requesting GET https://plex.tv/api/v2/server/users/services?auth_token=xxxxxxxxxxxxxxxxxxxx
Jan 22, 2026 17:19:52.959 [123468176505656] DEBUG - [HttpClient/HCl#66] HTTP/1.1 (0.5s) 200 response from GET https://plex.tv/api/v2/server/users/services?auth_token=xxxxxxxxxxxxxxxxxxxx
Jan 22, 2026 17:19:52.960 [123468180732728] DEBUG - [ViewStateSync] Got token for user 1 (lucascnoman)
Jan 22, 2026 17:19:52.960 [123468180732728] DEBUG - [ViewStateSync/HCl#67] HTTP requesting GET https://plex.tv/api/v2/server/users/227321076/view_state_sync
Jan 22, 2026 17:19:53.121 [123468176505656] DEBUG - [HttpClient/HCl#67] HTTP/1.1 (0.2s) 200 response from GET https://plex.tv/api/v2/server/users/227321076/view_state_sync (reused)
Jan 22, 2026 17:19:53.121 [123468180732728] DEBUG - [ViewStateSync] Starting for user 1
Jan 22, 2026 17:19:53.121 [123468180732728] DEBUG - [ViewStateSync] Sending state
Jan 22, 2026 17:19:53.122 [123468180732728] DEBUG - [ViewStateSync] All state sent
Jan 22, 2026 17:19:53.122 [123468180732728] DEBUG - [ViewStateSync] Getting state
Jan 22, 2026 17:19:53.122 [123468180732728] DEBUG - [ViewStateSync/HCl#68] HTTP requesting GET https://scrobbles.plex.tv/state/227321076?count=100
Jan 22, 2026 17:19:53.438 [123468176505656] DEBUG - [HttpClient/HCl#68] HTTP/2.0 (0.3s) 200 response from GET https://scrobbles.plex.tv/state/227321076?count=100
Jan 22, 2026 17:19:53.438 [123468180732728] DEBUG - [ViewStateSync] Reading 100 states
Jan 22, 2026 17:19:53.493 [123468180732728] DEBUG - [ViewStateSync] Getting state
Jan 22, 2026 17:19:53.494 [123468180732728] DEBUG - [ViewStateSync/HCl#69] HTTP requesting GET https://scrobbles.plex.tv/state/227321076?after=MTcxMzk3MDM0NzI0OC02NjI5MWNhYjhkMTkwNWViZTM1Yzk1MTA%3D&count=100
Jan 22, 2026 17:19:53.681 [123468176505656] DEBUG - [HttpClient/HCl#69] HTTP/2.0 (0.2s) 200 response from GET https://scrobbles.plex.tv/state/227321076?after=MTcxMzk3MDM0NzI0OC02NjI5MWNhYjhkMTkwNWViZTM1Yzk1MTA%3D&count=100 (reused)
Jan 22, 2026 17:19:53.682 [123468180732728] DEBUG - [ViewStateSync] Reading 100 states
Jan 22, 2026 17:19:53.734 [123468180732728] DEBUG - [ViewStateSync] Getting state
Jan 22, 2026 17:19:53.734 [123468180732728] DEBUG - [ViewStateSync/HCl#6a] HTTP requesting GET https://scrobbles.plex.tv/state/227321076?after=MTcyMDU0MDM4MTgyOS02NjhkNWNkZGFhOWUzOTZiZWZiMDYzOTM%3D&count=100
Jan 22, 2026 17:19:53.952 [123468176505656] DEBUG - [HttpClient/HCl#6a] HTTP/2.0 (0.2s) 200 response from GET https://scrobbles.plex.tv/state/227321076?after=MTcyMDU0MDM4MTgyOS02NjhkNWNkZGFhOWUzOTZiZWZiMDYzOTM%3D&count=100 (reused)
Jan 22, 2026 17:19:53.953 [123468180732728] DEBUG - [ViewStateSync] Reading 100 states
Jan 22, 2026 17:19:54.011 [123468180732728] DEBUG - [ViewStateSync] Getting state
Jan 22, 2026 17:19:54.011 [123468180732728] DEBUG - [ViewStateSync/HCl#6b] HTTP requesting GET https://scrobbles.plex.tv/state/227321076?after=MTc0MDAxMTE5Njk2NS02N2I2NzZiYzdhOWVhNGUxYzI2ZDAxNWM%3D&count=100
Jan 22, 2026 17:19:54.199 [123468176505656] DEBUG - [HttpClient/HCl#6b] HTTP/2.0 (0.2s) 200 response from GET https://scrobbles.plex.tv/state/227321076?after=MTc0MDAxMTE5Njk2NS02N2I2NzZiYzdhOWVhNGUxYzI2ZDAxNWM%3D&count=100 (reused)
Jan 22, 2026 17:19:54.199 [123468180732728] DEBUG - [ViewStateSync] Reading 100 states
Jan 22, 2026 17:19:54.262 [123468180732728] DEBUG - [ViewStateSync] Getting state
Jan 22, 2026 17:19:54.262 [123468180732728] DEBUG - [ViewStateSync/HCl#6c] HTTP requesting GET https://scrobbles.plex.tv/state/227321076?after=MTc0MDAxMTQ1NDE1NS02NjE4OTQ5ZmYwM2NlYzA2MTFiYmIxZjI%3D&count=100
Jan 22, 2026 17:19:54.424 [123468176505656] DEBUG - [HttpClient/HCl#6c] HTTP/2.0 (0.2s) 200 response from GET https://scrobbles.plex.tv/state/227321076?after=MTc0MDAxMTQ1NDE1NS02NjE4OTQ5ZmYwM2NlYzA2MTFiYmIxZjI%3D&count=100 (reused)
Jan 22, 2026 17:19:54.425 [123468180732728] DEBUG - [ViewStateSync] Reading 100 states
Jan 22, 2026 17:19:54.477 [123468180732728] DEBUG - [ViewStateSync] Getting state
Jan 22, 2026 17:19:54.477 [123468180732728] DEBUG - [ViewStateSync/HCl#6d] HTTP requesting GET https://scrobbles.plex.tv/state/227321076?after=MTc0MDAxMTU0MjE1MC02N2I2NzgxNjdhOWVhNGUxYzI2ZDU5OGY%3D&count=100
Jan 22, 2026 17:19:54.649 [123468176505656] DEBUG - [HttpClient/HCl#6d] HTTP/2.0 (0.2s) 200 response from GET https://scrobbles.plex.tv/state/227321076?after=MTc0MDAxMTU0MjE1MC02N2I2NzgxNjdhOWVhNGUxYzI2ZDU5OGY%3D&count=100 (reused)
Jan 22, 2026 17:19:54.650 [123468180732728] DEBUG - [ViewStateSync] Reading 100 states
Jan 22, 2026 17:19:54.710 [123468180732728] DEBUG - [ViewStateSync] Getting state
Jan 22, 2026 17:19:54.710 [123468180732728] DEBUG - [ViewStateSync/HCl#6e] HTTP requesting GET https://scrobbles.plex.tv/state/227321076?after=MTc0MjgzMjQ4NDAzMi02N2UxODM2NDExYWQ5MmRmZjMyNTc3Yjg%3D&count=100
Jan 22, 2026 17:19:55.318 [123468176505656] DEBUG - [HttpClient/HCl#6e] HTTP/2.0 (0.6s) 200 response from GET https://scrobbles.plex.tv/state/227321076?after=MTc0MjgzMjQ4NDAzMi02N2UxODM2NDExYWQ5MmRmZjMyNTc3Yjg%3D&count=100 (reused)
Jan 22, 2026 17:19:55.318 [123468180732728] DEBUG - [ViewStateSync] Reading 100 states
Jan 22, 2026 17:19:55.432 [123468180732728] DEBUG - [ViewStateSync] Getting state
Jan 22, 2026 17:19:55.432 [123468180732728] DEBUG - [ViewStateSync/HCl#6f] HTTP requesting GET https://scrobbles.plex.tv/state/227321076?after=MTc1NjI0NTkzNzEwMC02OGFlMmZiMTJmMzc2Y2ZlNTY4ZjMxYTE%3D&count=100
Jan 22, 2026 17:19:55.594 [123468176505656] DEBUG - [HttpClient/HCl#6f] HTTP/2.0 (0.2s) 200 response from GET https://scrobbles.plex.tv/state/227321076?after=MTc1NjI0NTkzNzEwMC02OGFlMmZiMTJmMzc2Y2ZlNTY4ZjMxYTE%3D&count=100 (reused)
Jan 22, 2026 17:19:55.594 [123468180732728] DEBUG - [ViewStateSync] Reading 40 states
Jan 22, 2026 17:19:55.639 [123468180732728] DEBUG - [ViewStateSync] Done getting states
Jan 22, 2026 17:19:55.639 [123468180732728] DEBUG - [ViewStateSync] Finished
Jan 22, 2026 17:20:14.315 [123468202130232] DEBUG - Shutting down with signal 15 (Terminated)
Jan 22, 2026 17:20:14.315 [123468202130232] DEBUG - Ordered to stop server.
Jan 22, 2026 17:20:14.315 [123468202130232] DEBUG - [JobRunner] Job running: /usr/lib/plexmediaserver/CrashUploader --sessionStatus=exited --sessionStart=1769101832 --sessionDuration=582 --version=1.42.2.10156-f737b826c --userId=lucas.noman7@gmail.com --sentryUrl=https://o17675.ingest.sentry.io/api/1233455/ --sentryKey=xxxxxxxxxxxxxxxxxxxxxxxxxxxxxxxx
Jan 22, 2026 17:20:14.318 [123468202130232] DEBUG - [JobRunner] Jobs: Starting child process with pid 383
Jan 22, 2026 17:20:14.318 [123468206873232] DEBUG - Stopping server...
Jan 22, 2026 17:20:14.318 [123468206873232] DEBUG - HttpServer: Stopping server.
Jan 22, 2026 17:20:14.324 [123468206873232] DEBUG - Server stopped.
Jan 22, 2026 17:20:14.324 [123468206873232] DEBUG - NetworkService: Stopping advertisement.
Jan 22, 2026 17:20:14.324 [123468206873232] DEBUG - Killing plug-ins.
Jan 22, 2026 17:20:14.343 [123468144642872] DEBUG - TranscodeJobManager: [Running] onServerShutdown
Jan 22, 2026 17:20:14.343 [123468144642872] DEBUG - TranscodeJobManager: [Running] -> [Shutdown]
Jan 22, 2026 17:20:14.343 [123468144642872] DEBUG - MetadataItemClusterRequestHandler: a shutdown event has been received
Jan 22, 2026 17:20:14.512 [123468206873232] DEBUG - [com.plexapp.agents.imdb] Killing.
Jan 22, 2026 17:20:14.539 [123468202130232] WARN - JobManager: Could not find job for handle 303
Jan 22, 2026 17:20:14.561 [123468206873232] DEBUG - [com.plexapp.system] Killing.
Jan 22, 2026 17:20:14.591 [123468202130232] WARN - JobManager: Could not find job for handle 205
Jan 22, 2026 17:20:14.614 [123468206873232] DEBUG - ChildProcessMonitor: Waiting for Plex Tuner Service to exit.
Jan 22, 2026 17:20:14.616 [123468206873232] DEBUG - [JobRunner] Signalling job ID 268 with 2
Jan 22, 2026 17:20:14.674 [123468157299512] DEBUG - NetworkInterface: received Netlink message len=440, type=RTM_NEWLINK, flags=0x0
Jan 22, 2026 17:20:14.674 [123468157299512] DEBUG - NetworkInterface: Netlink information message family=7, type=1, index=18, flags=0x1003, change=0x0
Jan 22, 2026 17:20:14.674 [123468157299512] DEBUG - Network change.
Jan 22, 2026 17:20:14.674 [123468157299512] DEBUG - NetworkInterface: Notified of network changed (force=0)
Jan 22, 2026 17:20:14.675 [123468202130232] DEBUG - Jobs: '/usr/lib/plexmediaserver/Plex Tuner Service' exit code for process 268 is 0 (success)
Jan 22, 2026 17:20:14.678 [123468148861752] DEBUG - [ChildProcessMonitor] Plex Tuner Service exited.
Jan 22, 2026 17:20:14.678 [123468206873232] DEBUG - Database: Shutting down.
Jan 22, 2026 17:20:14.701 [123468157299512] DEBUG - Network change notification but nothing changed.
Jan 22, 2026 17:20:14.701 [123468157299512] DEBUG - NetworkInterface: received Netlink message len=1828, type=RTM_NEWLINK, flags=0x0
Jan 22, 2026 17:20:14.701 [123468157299512] DEBUG - NetworkInterface: Netlink information message family=0, type=1, index=18, flags=0x1003, change=0x0
Jan 22, 2026 17:20:14.701 [123468157299512] DEBUG - Network change.
Jan 22, 2026 17:20:14.701 [123468157299512] DEBUG - NetworkInterface: Notified of network changed (force=0)
Jan 22, 2026 17:20:14.702 [123468157299512] DEBUG - Network change notification but nothing changed.
Jan 22, 2026 17:20:14.702 [123468157299512] DEBUG - NetworkInterface: received Netlink message len=1464, type=RTM_NEWLINK, flags=0x0
Jan 22, 2026 17:20:14.702 [123468157299512] DEBUG - NetworkInterface: Netlink information message family=0, type=1, index=59, flags=0x1002, change=0xffffffff
Jan 22, 2026 17:20:14.702 [123468157299512] DEBUG - Network change.
Jan 22, 2026 17:20:14.702 [123468157299512] DEBUG - NetworkInterface: Notified of network changed (force=0)
Jan 22, 2026 17:20:14.713 [123468202130232] DEBUG - Jobs: '/usr/lib/plexmediaserver/CrashUploader' exit code for process 383 is 0 (success)
Jan 22, 2026 17:20:14.723 [123468157299512] DEBUG - Network change notification but nothing changed.
Jan 22, 2026 17:20:14.728 [123468157299512] DEBUG - NetworkInterface: received Netlink message len=1820, type=RTM_NEWLINK, flags=0x0
Jan 22, 2026 17:20:14.728 [123468157299512] DEBUG - NetworkInterface: Netlink information message family=0, type=1, index=18, flags=0x1002, change=0x41
Jan 22, 2026 17:20:14.728 [123468157299512] DEBUG - Network change.
Jan 22, 2026 17:20:14.728 [123468157299512] DEBUG - NetworkInterface: Notified of network changed (force=0)
Jan 22, 2026 17:20:14.741 [123468157299512] DEBUG - Network change notification but nothing changed.
Jan 22, 2026 17:20:14.748 [123468157299512] DEBUG - NetworkInterface: received Netlink message len=440, type=RTM_NEWLINK, flags=0x0
Jan 22, 2026 17:20:14.748 [123468206873232] DEBUG - Database: Shutting down.
Jan 22, 2026 17:20:14.749 [123468157299512] DEBUG - NetworkInterface: Netlink information message family=7, type=1, index=18, flags=0x1002, change=0x0
Jan 22, 2026 17:20:14.749 [123468157299512] DEBUG - Network change.
Jan 22, 2026 17:20:14.749 [123468157299512] DEBUG - NetworkInterface: Notified of network changed (force=0)
